Date,Symbol,Stocks,Cmp,Drsi,Wrsi,Mrsi,Sector,Ema20,Ema50,Latest change,Weekly change,Monthly change
"8th Jan","NTPCGREEN","NTPCGREEN","92.46","44.88","40.35","33.32","power & utilities","93.58","94.96","-1.71","-4.79","-2.21"
"8th Jan","NIVABUPA","NIVABUPA","79.52","67.68","53.24","52.77","financials","75.72","76.10","4.17","5.80","5.46"
"8th Jan","ACMESOLAR","ACMESOLAR","228.99","42.23","42.38","42.01","realty","233.58","241.69","-0.724","-4.77","-3.58"
"8th Jan","SWIGGY","SWIGGY","352.85","29.13","39.58","37.90","i.t","385.61","395.99","-2.50","-8.87","-8.65"
"8th Jan","SAGILITY","SAGILITY","51.34","50.27","58.41","64.19","i.t","51.57","50.36","-1.25","-3.08","-1.31"
"8th Jan","AFCONS","AFCONS","375.65","36.24","36.72","37.39","realty","387.63","401.45","-0.648","-3.89","-2.91"
"8th Jan","WAAREEENER","WAAREEENER","2612.30","25.86","37.72","48.03","industrials","2888.19","3044.60","-2.27","-8.86","-11.99"
"8th Jan","HYUNDAI","HYUNDAI","2350.50","55.40","53.84","65.09","auto","2316.96","2336.06","-0.487","3.64","2.28"
"8th Jan","BAJAJHFL","BAJAJHFL","94.91","37.60","25.50","18.24","financials","96.40","100.15","-1.02","-1.77","0.615"
"8th Jan","RAYMONDLSL","RAYMONDLSL","984.30","38.34","38.86","20.37","textiles","1036.07","1083.68","-1.76","-5.03","-5.58"
"8th Jan","PREMIERENE","PREMIERENE","730.25","16.22","25.31","38.24","services","844.59","913.28","-2.90","-13.67","-13.29"
"8th Jan","FIRSTCRY","FIRSTCRY","284.40","39.98","33.28","19.74","consumer discretionary","292.33","308.40","-1.39","-1.86","-0.871"
"8th Jan","OLAELEC","OLAELEC","40.46","54.80","42.85","21.64","auto","38.73","40.72","-4.37","-1.05","11.64"
"8th Jan","AKUMS","AKUMS","446.80","54.42","44.14","25.69","healthcare","442.47","442.34","-1.75","-1.12","-1.46"
"8th Jan","EMCURE","EMCURE","1521.80","66.69","63.09","56.99","healthcare","1438.98","1408.19","-0.354","6.35","11.53"
"8th Jan","GODIGIT","GODIGIT","335.90","37.59","44.83","53.48","financials","344.46","347.92","-0.841","-3.02","-2.52"
"8th Jan","TBOTEK","TBOTEK","1536","33.09","49.05","52.57","i.t","1639.76","1630.39","-2.51","-6.24","-7.62"
"8th Jan","AADHARHFC","AADHARHFC","488","48.82","49.73","62.12","financials","489.55","491.97","-1.65","-2.51","0.608"
"8th Jan","INDGN","INDGN","520.20","43.93","41.09","49.32","healthcare","523.98","529.33","0.019","-0.450","-0.048"
"8th Jan","BHARTIHEXA","BHARTIHEXA","1753.60","44.70","50.56","67.22","telecom-service","1783.75","1776.81","-1.52","-2.69","-3.74"
"8th Jan","JYOTICNC","JYOTICNC","939.05","41.07","46.53","54.27","industrials","969.54","961.86","-2.30","-5.52","-5.08"
"8th Jan","INOXINDIA","INOXINDIA","1162.50","57.29","51.20","58.44","industrials","1134.04","1149.52","1.88","2.80","2.50"
"8th Jan","DOMS","DOMS","2559.30","47.25","50.56","64.62","miscellaneous","2587.67","2564.98","-1.80","-4.29","-2.15"
"8th Jan","TATATECH","TATATECH","661.65","51.06","43.18","27.67","i.t","657.38","666.17","-3.20","0.869","2.90"
"8th Jan","IREDA","IREDA","141.18","51.26","44.30","55.09","financials","140.40","142.06","-3.32","-3.72","0.915"
"8th Jan","HONASA","HONASA","294.65","59.83","54.45","44.28","services","283.24","280.87","-1.80","0.649","2.93"
"8th Jan","JSWINFRA","JSWINFRA","272.75","41.62","40.93","54.76","transportation","278.85","281.76","-0.980","-4.42","-4.23"
"8th Jan","SIGNATURE","SIGNATURE","991.60","19.46","34.02","53.64","realty","1111.69","1111.05","-10.29","-12.01","-12.05"
"8th Jan","NUVAMA","NUVAMA","1449","48.00","53.12","64.53","financials","1463.31","1447.23","-2.02","-1.31","-2.13"
"8th Jan","RRKABEL","RRKABEL","1519.80","61.48","65.07","55.64","industrials","1478.05","1423.02","-1.19","0.616","4.62"
"8th Jan","CONCORDBIO","CONCORDBIO","1345.60","45.10","38.13","47.34","healthcare","1355.03","1406.25","-1.79","2.60","0"
"8th Jan","SBFC","SBFC","102.36","39.47","43.64","54.03","financials","104.08","106.04","-1.06","-0.612","-1.62"
"8th Jan","NETWEB","NETWEB","3397.40","59.08","57.06","64.09","i.t","3229.68","3266.45","0.861","12.34","9.21"
"8th Jan","JIOFIN","JIOFIN","293.55","43.72","45.14","53.80","financials","298.10","300.84","-3.28","-2.70","-0.475"
"8th Jan","MANKIND","MANKIND","2261.20","56.25","43.50","53.69","healthcare","2209.99","2249.30","-2.19","2.66","2.95"
"8th Jan","NSLNISP","NSLNISP","42.83","49.94","51.72","51.61","metals & mining","43.09","42.65","-6.89","-6.26","-3.21"
"8th Jan","KFINTECH","KFINTECH","1064","45.64","46.21","54.67","financials","1076.50","1080.15","-0.968","-1.66","-1.66"
"8th Jan","KAYNES","KAYNES","3719.90","28.66","24.84","44.64","consumer discretionary","4138.87","4868.14","-2.91","-6.47","-7.30"
"8th Jan","FIVESTAR","FIVESTAR","516.65","29.48","36.24","40.84","financials","550.25","567.61","-2.87","-2.93","-5.26"
"8th Jan","MEDANTA","MEDANTA","1201","50.81","45.30","56.41","healthcare","1194.87","1216.79","-3.03","-1.32","1.23"
"8th Jan","BIKAJI","BIKAJI","710.65","39.28","43.91","53.21","fmcg","731.15","731.23","-1.31","-3.39","-5.22"
"8th Jan","PPLPHARMA","PPLPHARMA","172.71","43.20","38.09","44.76","healthcare","176.22","181.50","-4.48","-3.23","0.290"
"8th Jan","SYRMA","SYRMA","737.25","45.61","49.72","62.59","consumer discretionary","743.51","764.50","-1.62","-0.627","0.559"
"8th Jan","DELHIVERY","DELHIVERY","417.45","54.08","49.65","51.03","transportation","410.74","419.98","-1.14","3.20","3.37"
"8th Jan","LICI","LICI","837.80","37.37","40.11","46.92","financials","854.95","869.46","-1.66","-2.68","-2.00"
"8th Jan","RAINBOW","RAINBOW","1282","32.65","37.58","50.08","healthcare","1323.22","1344.05","-0.643","-2.80","-2.88"
"8th Jan","CAMPUS","CAMPUS","259.30","42.30","43.77","45.77","consumer discretionary","262.29","266.63","0.465","-0.974","-1.01"
"8th Jan","MSUMI","MSUMI","48.66","53.90","58.24","61.19","auto","48.10","47.07","-3.14","-2.39","0.288"
"8th Jan","MANYAVAR","MANYAVAR","550.40","31.12","17.75","30.08","consumer discretionary","579.76","608.53","-1.26","-5.05","-5.45"
"8th Jan","AWL","AWL","227.85","27.02","32.46","38.35","fmcg","239.08","249.02","-0.520","-3.56","-3.98"
"8th Jan","DATAPATTNS","DATAPATTNS","2684.40","50.36","49.96","54.84","aerospace & defence","2666.79","2710.43","-0.334","2.39","2.20"
"8th Jan","MAPMYINDIA","MAPMYINDIA","1641.50","41.54","42.04","45.85","i.t","1690.45","1699.34","-3.29","-3.54","-4.96"
"8th Jan","ANANDRATHI","ANANDRATHI","3142.30","65.41","69.13","76.60","financials","3063.32","3009.43","-0.752","2.04","0.961"
"8th Jan","STARHEALTH","STARHEALTH","447.65","39.48","46.33","43.70","financials","457.89","466.29","0.697","-2.63","-1.62"
"8th Jan","LATENTVIEW","LATENTVIEW","447.95","38.96","50.35","49.20","i.t","465.31","464.02","-3.27","-2.43","-2.34"
"8th Jan","SAPPHIRE","SAPPHIRE","221.35","35.00","31.39","36.36","consumer discretionary","241.36","253.31","-3.36","-12.16","-13.89"
"8th Jan","PAYTM","PAYTM","1301.80","47.73","59.10","63.47","i.t","1313.64","1296.95","-1.29","-2.89","0.223"
"8th Jan","POLICYBZR","POLICYBZR","1693.90","32.13","43.73","54.81","i.t","1814.05","1819.43","-1.49","-4.93","-7.21"
"8th Jan","NYKAA","NYKAA","256.65","46.10","57.94","59.74","i.t","260.41","256.88","-3.64","-3.11","-3.21"
"8th Jan","ABSLAMC","ABSLAMC","818.65","56.64","56.25","59.51","financials","802.77","786.09","-4.11","-1.79","1.66"
"8th Jan","VIJAYA","VIJAYA","1011.90","45.62","49.41","58.21","healthcare","1028.87","1021.85","-1.87","-4.47","-4.63"
"8th Jan","APTUS","APTUS","279.70","43.59","39.14","42.15","financials","284.34","290.17","-3.25","-1.44","0.215"
"8th Jan","DEVYANI","DEVYANI","136.62","43.85","39.94","42.16","consumer discretionary","140.17","144.06","-1.82","-7.73","-7.66"
"8th Jan","ALIVUS","ALIVUS","903.25","49.67","43.59","49.67","healthcare","904.63","908.32","-1.85","-1.07","-1.46"
"8th Jan","ETERNAL","ETERNAL","283.55","44.52","44.47","59.97","i.t","285.27","295.26","0.925","-0.211","1.98"
"8th Jan","CLEAN","CLEAN","857.45","34.95","24.33","35.44","chemicals","882.69","928.18","-1.32","-1.42","-2.12"
"8th Jan","KIMS","KIMS","609.15","37.35","37.07","54.57","healthcare","636.55","662.08","-2.59","-3.65","0.090"
"8th Jan","SHYAMMETL","SHYAMMETL","802.40","39.80","40.16","53.57","metals & mining","825.66","838.69","-2.99","-5.63","-5.34"
"8th Jan","SONACOMS","SONACOMS","462.85","36.41","45.47","44.52","auto","481.23","480.95","-2.31","-4.83","-3.45"
"8th Jan","LODHA","LODHA","1090.20","46.83","39.66","48.73","realty","1093.74","1121.68","-1.86","0.414","2.72"
"8th Jan","KALYANKJIL","KALYANKJIL","511.80","61.04","51.22","53.54","consumer discretionary","493.76","493.46","-1.72","3.25","5.45"
"8th Jan","CRAFTSMAN","CRAFTSMAN","7667","59.22","67.52","69.59","auto","7453.71","7155.11","-1.78","-4.32","-0.293"
"8th Jan","JUBLINGREA","JUBLINGREA","707.40","49.36","50.82","55.42","chemicals","712.70","704.14","-3.00","-2.60","0.561"
"8th Jan","RAILTEL","RAILTEL","353.40","48.64","47.89","51.10","telecom-service","357.91","354.86","-4.15","-6.05","-4.88"
"8th Jan","HOMEFIRST","HOMEFIRST","1037.10","26.29","39.21","48.15","financials","1106.51","1142.26","-2.05","-6.15","-5.91"
"8th Jan","IRFC","IRFC","124.27","54.28","49.57","51.33","financials","122.88","121.36","-2.94","-3.28","-0.281"
"8th Jan","GLAND","GLAND","1694.80","45.85","40.13","47.67","healthcare","1700.36","1751.93","-0.796","-1.22","-1.58"
"8th Jan","MAZDOCK","MAZDOCK","2480.40","44.21","40.59","55.53","aerospace & defence","2508.19","2588.40","-1.23","-0.565","-0.394"
"8th Jan","UTIAMC","UTIAMC","1110.30","41.84","38.29","51.08","financials","1129.34","1164.12","-2.22","-1.54","-1.70"
"8th Jan","ANGELONE","ANGELONE","2412.60","42.37","44.85","50.25","financials","2469.64","2516.83","-2.35","1.03","2.93"
"8th Jan","CAMS","CAMS","745.90","46.05","44.80","51.86","financials","752.12","761.02","-1.44","-1.41","0.675"
"8th Jan","ROUTE","ROUTE","693.80","48.20","33.70","29.09","i.t","698.80","710.27","-1.46","-2.33","-1.14"
"8th Jan","HAPPSTMNDS","HAPPSTMNDS","451.70","35.95","25.86","29.27","i.t","472.17","490.38","-2.52","-3.09","-1.89"
"8th Jan","MAXHEALTH","MAXHEALTH","1029.80","35.48","38.47","53.90","healthcare","1062.55","1094.39","-0.474","-3.09","-1.46"
"8th Jan","POWERINDIA","POWERINDIA","18444","43.16","48.57","61.28","industrials","18978.03","19341.42","-5.81","-1.91","0.732"
"8th Jan","SBICARD","SBICARD","872.15","50.66","49.83","55.22","financials","870.21","872.21","-1.52","-0.434","1.21"
"8th Jan","COHANCE","COHANCE","492.85","20.44","19.77","33.45","healthcare","528.39","599.16","-2.07","-4.91","-6.76"
"8th Jan","SUMICHEM","SUMICHEM","445.45","37.94","38.18","45.14","chemicals","462.33","473.60","-3.09","-4.96","-5.42"
"8th Jan","FLUOROCHEM","FLUOROCHEM","3490.50","42.31","45.20","49.72","chemicals","3565.15","3561.89","-0.513","-4.32","-4.79"
"8th Jan","IRCTC","IRCTC","656.45","37.22","35.80","40.25","transportation","678.88","687.93","-2.43","-5.53","-4.11"
"8th Jan","360ONE","360ONE","1182.90","55.44","57.32","63.70","financials","1172.68","1147.57","-0.747","-1.43","-0.597"
"8th Jan","SWSOLAR","SWSOLAR","204.23","38.31","31.79","34.61","realty","214.19","222.20","-3.75","-6.30","-4.65"
"8th Jan","AFFLE","AFFLE","1793.40","57.90","49.38","57.42","i.t","1761.53","1767.45","-0.356","0.600","-0.333"
"8th Jan","INDIAMART","INDIAMART","2166.90","37.38","33.72","42.39","i.t","2220.38","2290.92","0.092","-0.500","-2.55"
"8th Jan","KPITTECH","KPITTECH","1180.30","47.83","45.46","46.90","i.t","1187.84","1197.54","-2.33","1.09","0.665"
"8th Jan","POLYCAB","POLYCAB","7750.50","58.05","63.05","65.83","industrials","7599.06","7504.63","-1.86","-0.609","1.73"
"8th Jan","METROPOLIS","METROPOLIS","1916.10","47.73","47.83","51.99","healthcare","1936.47","1943.68","-3.64","-0.890","-0.664"
"8th Jan","RVNL","RVNL","342.55","50.56","49.67","51.42","realty","345.51","336.28","-4.16","-6.37","-4.11"
"8th Jan","CHALET","CHALET","874","46.83","44.38","55.87","services","879.97","895.34","-0.557","-3.16","0.396"
"8th Jan","TECHNOE","TECHNOE","1030","36.61","32.65","46.18","realty","1089.50","1156.56","-3.01","-7.32","-4.81"
"8th Jan","ATGL","ATGL","564.15","39.01","38.80","38.81","energy","577.63","591.84","-1.29","-3.99","-0.450"
"8th Jan","GRSE","GRSE","2459.40","48.32","48.21","59.53","aerospace & defence","2462.48","2517.89","-1.77","0.919","0.626"
"8th Jan","AAVAS","AAVAS","1459.90","41.14","40.67","42.84","financials","1482.28","1535.85","-0.497","1.14","-0.280"
"8th Jan","IRCON","IRCON","169.78","52.35","49.57","49.01","realty","169.42","166.77","-4.31","-5.27","-4.43"
"8th Jan","CREDITACC","CREDITACC","1336.70","56.19","53.81","55.44","financials","1301.90","1315.93","-0.246","3.81","4.95"
"8th Jan","HDFCAMC","HDFCAMC","2583","41.38","45.79","65.83","financials","2640.41","2669.48","-1.58","-2.79","-3.34"
"8th Jan","RITES","RITES","236.61","47.75","44.78","45.82","miscellaneous","239.02","240.42","-2.53","-3.77","-2.55"
"8th Jan","ADANIGREEN","ADANIGREEN","988.80","38.84","45.73","43.55","power & utilities","1018.90","1025.85","-2.98","-4.81","-2.59"
"8th Jan","LEMONTREE","LEMONTREE","150.85","38.18","44.37","56.66","services","156.86","159.13","-1.27","-2.04","-5.28"
"8th Jan","HAL","HAL","4479.80","53.87","47.39","57.35","aerospace & defence","4430.90","4490.89","-1.00","1.40","2.08"
"8th Jan","BANDHANBNK","BANDHANBNK","144.98","44.41","41.74","37.86","bank","146.80","150.40","-1.80","0.360","-0.576"
"8th Jan","BDL","BDL","1533.60","60.84","50.94","57.49","aerospace & defence","1481.43","1485.82","-0.383","2.58","4.58"
"8th Jan","ASTERDM","ASTERDM","615.10","45.75","48.55","64.82","healthcare","618.20","632.94","-0.958","0.196","-0.284"
"8th Jan","AMBER","AMBER","6527","42.81","39.20","54.53","consumer discretionary","6640.47","6951.05","-1.89","0.686","2.19"
"8th Jan","NEWGEN","NEWGEN","828.65","42.19","37.69","47.59","i.t","843.44","868.08","-0.927","-1.37","-1.95"
"8th Jan","NIACL","NIACL","150.78","33.87","35.27","42.33","financials","157.06","165.92","-2.07","-3.99","-3.23"
"8th Jan","HDFCLIFE","HDFCLIFE","758.15","48.73","51.25","56.71","financials","760.27","760.67","-1.84","0.437","1.11"
"8th Jan","NAM-INDIA","NAM-INDIA","895","55.87","58.25","71.84","financials","880.12","870.90","-0.611","0.303","1.75"
"8th Jan","TIINDIA","TIINDIA","2507.50","31.46","31.46","40.33","industrials","2607.97","2746.47","-0.787","-3.47","-4.08"
"8th Jan","IEX","IEX","150.09","62.35","51.12","47.24","financials","141.20","141.47","-3.03","11.71","11.82"
"8th Jan","GICRE","GICRE","369.85","43.58","45.54","52.68","financials","375.39","377.75","-0.605","-2.56","-2.88"
"8th Jan","GODREJAGRO","GODREJAGRO","559.30","38.74","30.34","40.58","fmcg","572.39","595.97","-2.03","-2.55","-2.08"
"8th Jan","ICICIGI","ICICIGI","1908.20","37.21","46.50","55.12","financials","1961.37","1964.19","-2.95","-3.33","-2.75"
"8th Jan","SBILIFE","SBILIFE","2082.90","64.24","71.10","71.14","financials","2040.83","1998.46","0.584","0.750","2.36"
"8th Jan","ABCAPITAL","ABCAPITAL","358.55","58.01","69.79","75.17","financials","354.38","342.34","-0.706","-0.747","0.238"
"8th Jan","DIXON","DIXON","11987","34.35","29.87","48.19","consumer discretionary","12550.29","13692.09","1.84","-1.46","-0.950"
"8th Jan","COCHINSHIP","COCHINSHIP","1580.40","40.12","42.02","53.20","aerospace & defence","1617.69","1657.31","-1.73","-2.98","-2.45"
"8th Jan","ERIS","ERIS","1534.40","45.52","44.65","60.10","healthcare","1547.51","1574.07","-1.25","0.059","1.91"
"8th Jan","TEJASNET","TEJASNET","441.70","34.61","23.89","34.60","telecom","457.62","487.35","-1.65","-2.55","-1.77"
"8th Jan","CDSL","CDSL","1438.20","37.23","41.65","54.60","financials","1483.37","1522.16","-2.53","-1.94","-0.374"
"8th Jan","AUBANK","AUBANK","992.10","57.72","76.58","68.20","bank","986.57","942.84","-1.24","-0.730","-0.241"
"8th Jan","HUDCO","HUDCO","217.53","44.30","47.25","53.73","financials","222.56","223.82","-4.10","-6.00","-4.65"
"8th Jan","DMART","DMART","3789.80","46.76","37.50","45.64","consumer discretionary","3795.10","3929.18","-1.35","1.88","0.201"
"8th Jan","BSE","BSE","2694","50.64","57.71","67.83","financials","2686.89","2656.11","-1.85","1.03","2.35"
"8th Jan","SUNDARMFIN","SUNDARMFIN","5252","62.49","62.16","62.63","financials","5116.21","4922.44","-1.15","-0.775","-0.583"
"8th Jan","FACT","FACT","891.15","53.34","49.44","55.73","chemicals","882.22","883.59","1.94","-1.86","-2.33"
"8th Jan","KARURVYSYA","KARURVYSYA","274.60","66.04","77.93","76.79","bank","261.65","251.45","1.67","0.771","4.08"
"8th Jan","LAURUSLABS","LAURUSLABS","1100.90","63.71","75.28","81.86","healthcare","1076.58","1026.05","-2.45","-0.506","-0.641"
"8th Jan","VBL","VBL","500.90","62.16","56.92","52.52","fmcg","487.13","478.11","-1.73","1.44","2.26"
"8th Jan","PNBHOUSING","PNBHOUSING","979.55","59.03","57.72","56.84","financials","956.82","927.66","-2.47","-1.85","2.95"
"8th Jan","ENDURANCE","ENDURANCE","2611.20","49.46","48.00","57.40","auto","2599.33","2660.12","0.458","2.80","0.822"
"8th Jan","ICICIPRULI","ICICIPRULI","681.35","69.36","67.01","57.94","financials","660.83","640.54","-0.475","0.450","1.96"
"8th Jan","LTTS","LTTS","4421.50","47.92","51.97","49.04","i.t","4458.25","4410.40","0.658","0.338","-0.912"
"8th Jan","BLS","BLS","306.90","38.05","37.19","47.24","i.t","317.31","322.19","-2.21","-3.13","-4.42"
"8th Jan","RBLBANK","RBLBANK","309.85","49.92","62.41","65.07","bank","310.78","306.56","-2.76","-3.40","-1.88"
"8th Jan","LTIM","LTIM","6018","45.34","60.37","57.99","i.t","6092.04","5978.15","-1.38","-0.808","-0.750"
"8th Jan","MGL","MGL","1059.80","30.24","31.89","41.88","energy","1120.78","1168.84","-0.170","-7.20","-6.72"
"8th Jan","CROMPTON","CROMPTON","257.65","48.62","29.78","37.57","consumer discretionary","257.30","265.80","-2.20","2.20","2.14"
"8th Jan","NH","NH","1910.90","52.56","55.27","66.42","healthcare","1898.27","1879.89","-0.500","-0.531","0.999"
"8th Jan","LALPATHLAB","LALPATHLAB","1453.40","46.53","44.45","51.65","healthcare","1463.82","1492.99","-1.38","-1.41","-1.97"
"8th Jan","ALKEM","ALKEM","5793","62.82","64.72","63.09","healthcare","5617.62","5593.86","-0.233","3.59","5.20"
"8th Jan","INDIGO","INDIGO","4906.50","32.44","38.23","54.54","transportation","5097.91","5310.73","-0.899","-3.91","-3.02"
"8th Jan","IDFCFIRSTB","IDFCFIRSTB","86.07","63.23","69.06","62.89","bank","84.22","81.66","1.98","0.175","0.537"
"8th Jan","GUJGASLTD","GUJGASLTD","428","62.25","52.04","45.38","energy","412.99","409.85","-1.19","-1.90","3.83"
"8th Jan","SYNGENE","SYNGENE","632.90","40.21","45.58","44.92","healthcare","649.75","647.69","-3.63","-3.87","-2.78"
"8th Jan","ADANIENSOL","ADANIENSOL","994.30","46.02","56.51","50.08","power & utilities","1014.58","988.46","-3.79","-6.01","-3.22"
"8th Jan","AIIL","AIIL","3121.10","63.72","62.00","73.34","financials","2958.26","2888.68","0.876","2.47","-0.393"
"8th Jan","PNCINFRA","PNCINFRA","245.90","41.18","31.78","38.99","realty","251.43","259.60","-0.747","-3.63","-2.30"
"8th Jan","INOXWIND","INOXWIND","117.88","33.07","33.33","44.52","industrials","125.31","131.84","-4.12","-7.93","-4.57"
"8th Jan","PTCIL","PTCIL","17567","43.99","56.42","64.57","industrials","18027.38","17666.32","-0.374","-2.96","-5.46"
"8th Jan","MINDACORP","MINDACORP","586.75","48.92","56.22","63.87","auto","589.41","584.02","-1.55","-2.61","2.20"
"8th Jan","INTELLECT","INTELLECT","943.10","38.94","43.32","51.37","i.t","993.64","1023.08","-4.87","-1.89","-2.87"
"8th Jan","SAMMAANCAP","SAMMAANCAP","146.33","46.72","48.70","48.61","financials","147.19","151.31","-2.41","-1.53","0.474"
"8th Jan","ABFRL","ABFRL","75.14","43.32","40.75","43.83","consumer discretionary","76.83","77.98","-2.78","-3.86","-2.14"
"8th Jan","JUSTDIAL","JUSTDIAL","734.10","51.42","37.90","42.43","i.t","729.53","744.34","-1.40","-0.082","1.21"
"8th Jan","INDUSTOWER","INDUSTOWER","430.85","60.70","63.21","62.63","telecom","421.99","406.87","0.431","-2.53","2.89"
"8th Jan","RTNINDIA","RTNINDIA","39.69","36.62","33.52","41.07","financials","41.37","43.89","-2.98","-6.17","-3.83"
"8th Jan","NBCC","NBCC","112.09","41.68","50.41","57.33","miscellaneous","116.85","114.92","-3.41","-8.62","-7.95"
"8th Jan","SCHNEIDER","SCHNEIDER","657.50","33.16","35.29","49.08","industrials","714.87","748.14","-7.41","-8.34","-9.05"
"8th Jan","MCX","MCX","2231","61.15","77.13","78.15","financials","2162.06","2040.37","-3.21","0.677","0.171"
"8th Jan","RHIM","RHIM","463.20","52.72","49.34","44.27","building materials","459.11","459.26","-3.61","1.74","0.904"
"8th Jan","APLAPOLLO","APLAPOLLO","1913.90","60.77","65.36","65.57","industrials","1876.16","1813.72","-1.84","-0.932","-0.005"
"8th Jan","TRITURBINE","TRITURBINE","530.40","45.45","46.02","49.93","industrials","536.14","535.82","-0.478","-1.92","-1.46"
"8th Jan","PGEL","PGEL","608.40","58.17","49.47","53.62","consumer discretionary","590.05","580.74","-2.25","0.946","5.75"
"8th Jan","APLLTD","APLLTD","814.75","27.15","32.91","44.69","healthcare","847.75","876.16","-1.09","-2.43","-3.71"
"8th Jan","LTF","LTF","307.30","50.99","67.48","77.80","financials","308.79","296.75","-2.12","-3.89","-2.74"
"8th Jan","MUTHOOTFIN","MUTHOOTFIN","3853.80","56.26","76.70","85.81","financials","3821.18","3656.36","-2.68","0.864","1.10"
"8th Jan","ZENTEC","ZENTEC","1330","40.73","38.45","49.89","aerospace & defence","1362.99","1386.40","0.758","-2.38","-2.81"
"8th Jan","DALBHARAT","DALBHARAT","2066.20","46.58","46.69","52.19","building materials","2092.38","2091.82","-2.59","-3.77","-3.04"
"8th Jan","KIRLOSENG","KIRLOSENG","1181.30","46.81","62.64","62.76","industrials","1216.88","1147.96","-3.29","-6.33","-3.08"
"8th Jan","GRAVITA","GRAVITA","1726.90","34.43","47.85","54.71","metals & mining","1818.73","1787.43","-3.23","-7.18","-7.05"
"8th Jan","COALINDIA","COALINDIA","425.25","73.08","66.12","58.96","metals & mining","405.74","394.50","-1.48","-0.619","6.58"
"8th Jan","PRESTIGE","PRESTIGE","1589.40","42.87","46.99","57.08","realty","1623.19","1640.19","-1.86","-1.82","-0.339"
"8th Jan","OBEROIRLTY","OBEROIRLTY","1722","58.42","52.82","53.86","realty","1687.31","1678.37","0.778","-0.462","3.08"
"8th Jan","JWL","JWL","304.60","47.69","45.75","45.73","industrials","312.98","307.80","-5.36","-9.95","-10.35"
"8th Jan","GPPL","GPPL","185.54","51.05","62.35","58.35","transportation","185.80","180.74","-1.87","1.77","1.93"
"8th Jan","SJVN","SJVN","80.12","54.64","42.21","43.92","power & utilities","78.03","79.58","-3.48","-3.52","7.17"
"8th Jan","PERSISTENT","PERSISTENT","6444.50","56.89","63.30","64.23","i.t","6318.73","6178.03","-1.06","2.46","2.75"
"8th Jan","DBREALTY","DBREALTY","115.57","38.57","28.43","42.17","realty","120.46","130.04","-2.34","-4.13","-2.51"
"8th Jan","JUBLFOOD","JUBLFOOD","525.95","28.25","31.85","42.51","consumer discretionary","557.64","576.65","-2.13","-4.88","-5.84"
"8th Jan","GODREJPROP","GODREJPROP","2095.10","54.47","48.38","48.06","realty","2063.11","2081.08","-2.02","1.29","4.53"
"8th Jan","JSWENERGY","JSWENERGY","499.70","54.46","47.77","49.56","power & utilities","492.59","496.09","-2.52","-2.14","3.58"
"8th Jan","OIL","OIL","409.95","46.32","47.25","52.29","energy","414.77","415.32","-2.02","-4.41","-3.39"
"8th Jan","NHPC","NHPC","82.17","61.24","50.98","53.58","power & utilities","80.01","80.06","-1.78","-1.73","3.72"
"8th Jan","ADANIPOWER","ADANIPOWER","142.89","45.36","53.80","63.43","power & utilities","144.98","145.57","-2.38","-3.56","-0.070"
"8th Jan","ZFCVINDIA","ZFCVINDIA","14466","47.52","55.42","55.62","auto","14749.59","14243.86","-2.79","-3.82","-2.77"
"8th Jan","BAJAJFINSV","BAJAJFINSV","2008.90","40.02","47.97","58.36","financials","2038.84","2048.57","-1.13","-1.45","-1.52"
"8th Jan","BAJAJ-AUTO","BAJAJ-AUTO","9760.50","71.65","68.96","63.60","auto","9337.33","9139.56","-0.296","2.72","4.47"
"8th Jan","TITAGARH","TITAGARH","824.80","44.98","46.21","47.67","industrials","848.07","846.08","-3.52","-7.36","-7.53"
"8th Jan","RECLTD","RECLTD","371.40","58.45","48.86","48.04","financials","363.02","361.20","-3.60","-2.43","4.09"
"8th Jan","VGUARD","VGUARD","323.30","38.50","33.54","43.63","industrials","330.84","339.99","-1.58","-2.25","-1.43"
"8th Jan","IRB","IRB","42.14","48.94","43.34","45.62","realty","42.17","42.57","-0.449","-1.57","0.214"
"8th Jan","KNRCON","KNRCON","148.94","39.85","34.98","34.69","realty","157.49","164.17","-2.72","-7.51","-8.50"
"8th Jan","RPOWER","RPOWER","34.34","41.85","38.63","47.86","power & utilities","35.81","38.18","-1.94","-4.43","-1.46"
"8th Jan","BRIGADE","BRIGADE","868.70","42.15","39.27","45.59","realty","884.94","903.54","-2.05","-2.44","-1.84"
"8th Jan","TARIL","TARIL","291.50","46.73","36.13","44.88","industrials","299.69","324.35","-9.25","-13.35","2.19"
"8th Jan","ECLERX","ECLERX","4751.40","54.50","62.38","71.41","i.t","4679.65","4572.05","-0.434","0.633","1.19"
"8th Jan","JYOTHYLAB","JYOTHYLAB","266.35","30.66","24.37","37.33","fmcg","282.27","292.97","-3.58","-6.31","-5.77"
"8th Jan","ADANIPORTS","ADANIPORTS","1465.20","43.08","53.97","60.80","transportation","1482.65","1476.68","-0.007","-1.63","-0.313"
"8th Jan","POWERGRID","POWERGRID","259.30","39.28","35.34","46.54","power & utilities","265.73","270.08","-1.82","-4.30","-2.00"
"8th Jan","MOTILALOFS","MOTILALOFS","823.80","37.79","40.74","57.41","financials","862.62","895.47","-2.88","-4.95","-3.73"
"8th Jan","KPRMILL","KPRMILL","849.60","23.32","32.17","45.96","consumer discretionary","935.88","985.12","-4.08","-6.61","-9.85"
"8th Jan","CENTRALBK","CENTRALBK","37.34","48.39","47.23","42.40","bank","37.52","37.55","-2.68","-3.69","-0.160"
"8th Jan","DLF","DLF","692.40","44.20","39.57","48.34","realty","698.71","714.43","-1.54","-0.831","0.727"
"8th Jan","FORTIS","FORTIS","917.05","52.66","52.61","69.32","healthcare","907.02","920.95","-2.53","0.251","3.74"
"8th Jan","ASTRAL","ASTRAL","1476.30","56.84","52.83","46.06","plastic products","1441.46","1441.43","-1.75","1.58","6.32"
"8th Jan","PAGEIND","PAGEIND","34765","28.23","26.04","38.09","consumer discretionary","36130.63","37735.58","-1.74","-2.82","-3.55"
"8th Jan","IDEA","IDEA","11.50","53.38","63.94","56.97","telecom-service","11.42","10.71","0.349","-2.38","6.88"
"8th Jan","INDIANB","INDIANB","828","51.98","60.83","72.37","bank","823.83","813.56","-4.23","-3.88","-1.10"
"8th Jan","PFC","PFC","365.45","54.68","44.14","48.55","financials","360.46","365.56","-3.05","-2.79","2.83"
"8th Jan","FSL","FSL","332.20","42.10","44.69","58.31","i.t","340.05","343.76","-1.47","-2.45","-1.07"
"8th Jan","REDINGTON","REDINGTON","280.65","54.31","53.11","59.68","services","277.11","276.53","-1.25","1.57","3.05"
"8th Jan","NETWORK18","NETWORK18","42.75","43.57","34.26","38.18","media","43.43","45.04","-2.49","-2.35","-1.48"
"8th Jan","TANLA","TANLA","513.70","37.45","33.93","39.19","i.t","536.36","566.61","-2.63","-3.17","-2.25"
"8th Jan","SOBHA","SOBHA","1570.10","60.36","54.16","56.02","realty","1504.10","1512.05","2.68","5.33","7.59"
"8th Jan","LTFOODS","LTFOODS","366.50","32.42","37.79","53.43","fmcg","389.07","399.71","-3.86","-6.13","-5.89"
"8th Jan","TORNTPOWER","TORNTPOWER","1359.70","57.91","54.00","53.64","power & utilities","1330.32","1310.43","-2.66","-2.84","4.06"
"8th Jan","NAUKRI","NAUKRI","1337.40","46.33","45.73","51.83","i.t","1350.10","1353.71","-1.62","-2.22","0.285"
"8th Jan","ACE","ACE","933.90","44.30","37.94","44.33","industrials","949.65","979.35","0.231","-4.39","-1.35"
"8th Jan","TECHM","TECHM","1577.90","49.05","56.19","56.26","i.t","1592.60","1552.50","-2.91","-2.12","-0.817"
"8th Jan","GMRAIRPORT","GMRAIRPORT","102.51","48.65","59.73","64.29","miscellaneous","103.42","100.89","-1.91","-3.08","-1.78"
"8th Jan","GPIL","GPIL","269.40","62.09","61.16","65.43","metals & mining","259.47","253.01","-2.29","-1.34","1.25"
"8th Jan","SUNTV","SUNTV","567.05","49.76","49.02","45.96","media","569.46","564.72","1.46","-2.71","-3.49"
"8th Jan","SOLARINDS","SOLARINDS","13452","64.69","50.39","59.03","aerospace & defence","12658.06","12972.87","0.930","9.05","9.79"
"8th Jan","M&MFIN","M&MFIN","355.05","43.10","58.28","60.60","financials","374.73","353.37","-1.38","-11.89","-11.90"
"8th Jan","KEC","KEC","684.80","35.04","37.93","45.86","realty","724.19","742.43","-4.50","-8.31","-7.20"
"8th Jan","GSPL","GSPL","315.10","63.24","53.49","50.05","energy","304.34","301.75","-0.474","-1.52","2.89"
"8th Jan","PVRINOX","PVRINOX","1020.20","42.86","43.44","40.95","media","1039.28","1066.23","-2.15","-0.971","0.492"
"8th Jan","AIAENG","AIAENG","4059.10","61.03","73.32","60.08","industrials","3936.10","3762.38","1.75","-0.748","1.04"
"8th Jan","RENUKA","RENUKA","25.58","39.74","36.75","36.80","fmcg","26.18","27.11","-1.50","-2.89","-2.10"
"8th Jan","SUZLON","SUZLON","50.93","37.81","39.91","49.57","industrials","52.95","54.01","-3.72","-6.17","-3.30"
"8th Jan","YESBANK","YESBANK","22.72","56.97","58.73","54.09","bank","22.20","22.12","-3.32","1.93","5.19"
"8th Jan","JKCEMENT","JKCEMENT","5954.50","61.77","50.86","61.08","building materials","5686.59","5782.65","-0.343","7.09","7.66"
"8th Jan","JSWHL","JSWHL","19025","42.78","49.79","62.52","financials","19780.16","19410.91","0.661","-4.54","-6.19"
"8th Jan","IIFL","IIFL","647.55","69.73","72.78","66.13","financials","610.23","573.42","-1.43","0.959","6.07"
"8th Jan","JPPOWER","JPPOWER","17.16","39.68","44.76","53.66","power & utilities","17.68","18.05","-1.10","-3.00","-0.116"
"8th Jan","JBMA","JBMA","637.35","54.66","49.69","48.01","auto","621.44","620.06","-4.22","-4.39","1.59"
"8th Jan","NTPC","NTPC","344.40","65.59","56.29","56.44","power & utilities","334.62","331.38","-1.28","-2.19","4.51"
"8th Jan","CENTURYPLY","CENTURYPLY","782","37.15","49.82","54.01","building materials","815.23","804.25","-2.92","-5.11","-5.65"
"8th Jan","COFORGE","COFORGE","1647","35.45","44.63","54.18","i.t","1728.88","1769.31","-3.20","-0.200","-0.962"
"8th Jan","TCS","TCS","3203.90","47.33","50.05","43.76","i.t","3237.26","3188.98","-2.78","-1.44","-0.072"
"8th Jan","UNOMINDA","UNOMINDA","1270","46.66","55.44","65.32","auto","1287.56","1274.86","-3.66","-3.88","-1.23"
"8th Jan","ULTRACEMCO","ULTRACEMCO","12064","61.38","53.51","60.01","building materials","11848.32","11832.07","-0.985","1.39","2.38"
"8th Jan","RKFORGE","RKFORGE","508.40","44.71","40.33","42.37","industrials","517.83","527.47","-1.59","-4.33","-2.82"
"8th Jan","MAHABANK","MAHABANK","62.02","59.70","61.91","62.18","bank","60.54","59.02","-2.07","-2.99","-0.048"
"8th Jan","BIOCON","BIOCON","377.95","39.80","51.01","56.16","healthcare","389.90","387.22","-2.35","-3.82","-4.05"
"8th Jan","PETRONET","PETRONET","283.15","52.69","50.51","49.22","energy","282.29","278.97","-3.81","-2.71","-0.334"
"8th Jan","IGL","IGL","185.65","38.01","37.96","42.73","energy","191.80","196.69","-0.764","-4.47","-4.58"
"8th Jan","JSL","JSL","805.80","48.66","57.34","65.45","metals & mining","818.09","792.84","-5.75","-5.80","-3.99"
"8th Jan","UCOBANK","UCOBANK","29.22","45.87","44.05","40.88","bank","29.47","29.90","-2.24","-4.23","-0.781"
"8th Jan","NAVINFLUOR","NAVINFLUOR","5772.50","46.56","60.18","65.53","chemicals","5876.90","5742.73","-1.10","-2.21","-2.49"
"8th Jan","MARUTI","MARUTI","16664","52.92","67.32","73.75","auto","16646.47","16281.19","-0.863","-1.75","-0.198"
"8th Jan","RADICO","RADICO","3079.40","42.04","53.45","69.93","fmcg","3199.69","3182.36","-3.99","-0.478","-6.64"
"8th Jan","DIVISLAB","DIVISLAB","6600.50","59.82","56.69","62.37","healthcare","6462.28","6434.99","-0.632","3.25","3.25"
"8th Jan","CANBK","CANBK","150.46","51.23","69.97","70.92","bank","151.17","145.46","-1.63","-2.85","-2.87"
"8th Jan","GRANULES","GRANULES","607.35","58.57","65.66","61.42","healthcare","597.56","577.55","-0.589","-1.30","1.48"
"8th Jan","UBL","UBL","1560.80","25.71","26.03","38.28","fmcg","1615.24","1674.00","-0.920","-2.23","-3.76"
"8th Jan","UNIONBANK","UNIONBANK","161.46","61.72","65.76","65.68","bank","156.28","152.17","-2.93","3.04","5.01"
"8th Jan","OFSS","OFSS","7594","39.45","36.42","47.52","i.t","7783.82","8026.89","-3.04","-1.78","-1.21"
"8th Jan","PNB","PNB","122.81","52.75","59.29","62.47","bank","122.48","120.60","-2.28","-2.03","-0.623"
"8th Jan","BHARTIARTL","BHARTIARTL","2066.30","42.04","57.00","74.36","telecom-service","2097.82","2079.76","-0.859","-1.90","-1.87"
"8th Jan","CERA","CERA","5188.50","39.62","31.98","39.77","building materials","5262.90","5482.71","0.338","-1.32","-0.898"
"8th Jan","OLECTRA","OLECTRA","1187.80","43.08","38.95","45.19","auto","1217.09","1279.79","-2.27","-4.82","-0.934"
"8th Jan","UNITDSPR","UNITDSPR","1350.20","33.77","43.04","51.75","fmcg","1405.16","1407.48","-2.00","-2.27","-6.48"
"8th Jan","GODREJCP","GODREJCP","1243.20","70.03","59.93","54.56","fmcg","1209.27","1182.43","-0.361","0.648","1.72"
"8th Jan","BSOFT","BSOFT","431.65","52.66","57.48","47.06","i.t","430.31","414.48","-2.65","-0.093","-0.381"
"8th Jan","IOB","IOB","35.55","43.40","41.74","40.76","bank","36.08","37.07","-2.90","-4.51","-1.61"
"8th Jan","TTML","TTML","47.68","38.38","31.29","37.98","telecom-service","49.62","51.36","-1.28","-4.24","-3.81"
"8th Jan","TRIVENI","TRIVENI","365.40","44.37","49.10","50.34","fmcg","375.86","368.65","-1.84","-4.14","-6.38"
"8th Jan","TVSMOTOR","TVSMOTOR","3801.70","61.24","69.22","80.66","auto","3723.24","3623.66","-1.00","-1.20","2.20"
"8th Jan","AJANTPHARM","AJANTPHARM","2838.40","61.95","61.20","61.31","healthcare","2759.06","2660.42","-0.547","-3.76","2.51"
"8th Jan","ZYDUSLIFE","ZYDUSLIFE","907.55","41.06","39.58","51.76","healthcare","920.15","934.92","-2.16","-1.02","-0.744"
"8th Jan","WOCKPHARMA","WOCKPHARMA","1458.40","56.19","53.30","60.20","healthcare","1421.26","1399.09","-3.54","3.71","0.844"
"8th Jan","GLENMARK","GLENMARK","2079.80","62.46","61.62","67.93","healthcare","2024.03","1976.42","-1.58","0.741","2.19"
"8th Jan","JINDALSTEL","JINDALSTEL","1013.60","44.41","50.49","60.10","metals & mining","1037.05","1032.58","-5.69","-6.17","-3.81"
"8th Jan","HCLTECH","HCLTECH","1646.70","52.62","57.46","55.60","i.t","1640.01","1615.65","-0.061","0.396","1.44"
"8th Jan","APARINDS","APARINDS","8201","33.89","45.75","55.31","industrials","8497.57","8646.05","0.208","-0.768","-1.99"
"8th Jan","NATIONALUM","NATIONALUM","333.50","68.98","82.86","79.09","metals & mining","308.87","280.10","-5.42","0.969","6.11"
"8th Jan","SONATSOFTW","SONATSOFTW","362.20","51.99","46.14","40.68","i.t","359.00","360.88","-2.84","-0.808","0.653"
"8th Jan","AXISBANK","AXISBANK","1286.80","60.81","64.62","62.34","bank","1264.57","1246.76","-0.672","1.57","1.37"
"8th Jan","CUB","CUB","279.50","48.34","70.63","70.90","bank","284.71","270.10","-3.94","-3.12","-3.89"
"8th Jan","J&KBANK","J&KBANK","102.12","50.15","48.41","52.16","bank","101.85","102.87","-1.98","-0.234","1.81"
"8th Jan","INDUSINDBK","INDUSINDBK","883.45","57.78","59.74","43.23","bank","869.07","843.84","-1.60","-2.11","2.23"
"8th Jan","GMDCLTD","GMDCLTD","567.75","50.83","56.45","65.75","metals & mining","571.38","554.52","-6.48","-8.35","-5.18"
"8th Jan","ENGINERSIN","ENGINERSIN","197.53","45.73","47.68","52.64","realty","200.83","199.89","-3.51","-4.30","-1.84"
"8th Jan","CYIENT","CYIENT","1180.60","59.73","48.89","41.80","i.t","1141.33","1148.99","0.314","6.75","5.62"
"8th Jan","ICICIBANK","ICICIBANK","1435","72.34","58.48","65.22","bank","1376.04","1374.41","0.511","5.87","6.86"
"8th Jan","SAREGAMA","SAREGAMA","367.25","50.28","33.52","41.42","media","362.75","384.09","-2.73","2.60","4.63"
"8th Jan","GAIL","GAIL","163.53","32.70","37.92","45.82","energy","170.81","173.67","-2.94","-6.76","-5.01"
"8th Jan","BANKINDIA","BANKINDIA","146.93","55.75","64.40","63.60","bank","145.15","141.45","-3.01","-1.53","2.14"
"8th Jan","WELCORP","WELCORP","765.85","36.37","40.28","53.09","industrials","803.40","828.39","-3.14","-5.02","-5.96"
"8th Jan","BANKBARODA","BANKBARODA","299.55","56.40","66.42","68.07","bank","296.12","287.53","-2.82","-1.80","1.23"
"8th Jan","POLYMED","POLYMED","1776.90","45.28","37.02","46.30","healthcare","1796.71","1853.02","-1.33","0.407","0.180"
"8th Jan","MARICO","MARICO","758.80","56.30","60.99","65.85","fmcg","751.06","738.87","-1.94","0.139","1.09"
"8th Jan","CGCL","CGCL","184.90","50.70","49.43","46.34","financials","183.95","186.32","0.190","-0.173","1.13"
"8th Jan","CONCOR","CONCOR","518.50","50.39","44.00","42.12","transportation","518.98","520.28","-2.68","-2.50","-1.23"
"8th Jan","MANAPPURAM","MANAPPURAM","309.50","58.81","66.53","70.22","financials","302.61","292.27","-3.25","-0.530","0.308"
"8th Jan","EMAMILTD","EMAMILTD","516.05","43.32","41.07","44.34","fmcg","524.75","530.25","-1.96","-1.24","-2.37"
"8th Jan","IOC","IOC","156.37","35.80","51.17","56.94","energy","163.30","162.26","-3.87","-6.25","-6.06"
"8th Jan","JUBLPHARMA","JUBLPHARMA","1074.50","49.99","49.01","59.18","healthcare","1071.64","1082.92","-0.325","1.81","0.112"
"8th Jan","JKTYRE","JKTYRE","506.85","62.14","74.26","66.85","auto","494.10","465.88","-1.04","-0.919","0.826"
"8th Jan","INDIACEM","INDIACEM","476.20","72.39","76.04","73.37","building materials","440.44","421.07","4.38","6.92","9.41"
"8th Jan","BLUEDART","BLUEDART","5393","41.10","40.44","40.19","transportation","5522.67","5623.67","-1.35","-3.58","-2.32"
"8th Jan","NMDC","NMDC","81.59","53.91","60.69","61.67","metals & mining","81.20","78.47","-5.30","-3.48","-1.90"
"8th Jan","MPHASIS","MPHASIS","2817.20","47.05","51.64","55.30","i.t","2839.80","2830.73","-2.00","0.356","0.931"
"8th Jan","NATCOPHARM","NATCOPHARM","909.70","51.68","52.97","48.07","healthcare","908.11","889.85","-3.85","1.86","0.736"
"8th Jan","AUROPHARMA","AUROPHARMA","1206.10","51.01","55.72","54.75","healthcare","1206.39","1187.81","-2.37","-0.765","1.95"
"8th Jan","CAPLIPOINT","CAPLIPOINT","1818.90","40.17","38.09","52.15","healthcare","1878.34","1926.92","-2.03","-1.62","-1.04"
"8th Jan","SUNPHARMA","SUNPHARMA","1760.70","52.12","55.83","57.44","healthcare","1752.43","1743.96","-1.23","1.89","2.38"
"8th Jan","NEULANDLAB","NEULANDLAB","14820","40.17","47.71","61.41","healthcare","15390.12","15771.30","-2.08","-2.99","-2.34"
"8th Jan","IPCALAB","IPCALAB","1544","68.09","60.87","59.19","healthcare","1442.97","1416.39","1.97","9.97","8.82"
"8th Jan","RCF","RCF","141.80","46.84","45.77","48.74","chemicals","143.43","144.17","-2.00","-4.95","-3.04"
"8th Jan","AARTIIND","AARTIIND","368.65","45.51","41.35","38.11","chemicals","373.16","376.14","-1.93","-2.20","-1.40"
"8th Jan","POONAWALLA","POONAWALLA","460.50","43.81","50.54","57.85","financials","470.27","470.12","-2.10","-4.17","-4.65"
"8th Jan","MASTEK","MASTEK","2064.80","38.99","36.56","43.24","i.t","2125.88","2169.92","-2.78","-2.43","0.678"
"8th Jan","PIIND","PIIND","3245.50","42.60","35.55","43.91","chemicals","3273.96","3376.15","-1.17","-0.341","0.225"
"8th Jan","ITI","ITI","303.60","42.63","47.90","53.96","aerospace & defence","309.10","310.89","-2.10","-2.71","-2.02"
"8th Jan","SCI","SCI","217.91","41.95","47.03","53.37","transportation","226.11","229.55","-4.65","-7.30","-5.98"
"8th Jan","LINDEINDIA","LINDEINDIA","5878","45.92","40.74","47.32","chemicals","5930.72","5973.69","-1.51","-1.30","-1.30"
"8th Jan","JMFINANCIL","JMFINANCIL","141.98","43.02","43.93","55.28","financials","145.71","149.75","-3.21","-4.75","-5.41"
"8th Jan","3MINDIA","3MINDIA","34830","48.16","59.73","58.65","miscellaneous","35140.88","34352.78","-0.129","-3.70","-0.812"
"8th Jan","DCMSHRIRAM","DCMSHRIRAM","1183.50","37.91","45.74","53.00","miscellaneous","1234.58","1234.31","-3.17","-5.86","-5.48"
"8th Jan","KPIL","KPIL","1136.60","37.68","42.48","53.78","realty","1181.37","1198.32","-3.16","-5.03","-5.47"
"8th Jan","GVT&D","GVT&D","3002.60","47.51","57.49","73.53","industrials","3055.38","3002.74","-4.69","-2.94","-4.15"
"8th Jan","PRAJIND","PRAJIND","315.90","42.95","32.72","37.41","industrials","324.60","332.43","-1.85","-2.93","-2.08"
"8th Jan","TIMKEN","TIMKEN","2981","42.37","46.87","48.28","industrials","3039.94","3049.27","-1.67","-2.35","-0.736"
"8th Jan","ELGIEQUIP","ELGIEQUIP","456.60","39.16","42.25","43.69","industrials","474.00","481.77","-3.27","-5.62","-3.62"
"8th Jan","ALOKINDS","ALOKINDS","16.10","46.86","38.15","41.78","textiles","16.16","16.56","1.45","-0.984","0.437"
"8th Jan","TRIDENT","TRIDENT","27.11","49.38","41.07","42.17","textiles","27.01","27.54","3.32","0.296","1.42"
"8th Jan","CCL","CCL","925.45","42.63","52.43","62.76","fmcg","948.61","950.54","-0.586","1.06","-1.99"
"8th Jan","KEI","KEI","4404.40","55.63","60.87","64.26","industrials","4371.88","4245.95","-2.95","-2.76","-1.25"
"8th Jan","HAVELLS","HAVELLS","1483.70","63.22","49.84","48.68","consumer discretionary","1442.91","1448.25","-0.835","3.04","4.13"
"8th Jan","MOTHERSON","MOTHERSON","118.11","48.84","62.48","60.92","auto","119.31","115.44","-1.04","-3.22","-1.53"
"8th Jan","HBLENGINE","HBLENGINE","911.10","52.68","58.24","69.32","auto","902.95","889.22","-4.79","-2.82","-1.67"
"8th Jan","HONAUT","HONAUT","33730","46.26","39.98","40.67","consumer discretionary","33813.69","34551.96","-1.08","0.312","2.82"
"8th Jan","USHAMART","USHAMART","450.25","51.25","60.00","61.65","metals & mining","449.39","444.49","-0.804","-0.233","-0.826"
"8th Jan","ANANTRAJ","ANANTRAJ","571.10","52.03","48.29","54.51","realty","563.98","574.26","-3.46","-2.22","4.35"
"8th Jan","ASAHIINDIA","ASAHIINDIA","976.10","46.63","61.17","68.36","building materials","994.01","981.60","-3.14","-1.61","-3.83"
"8th Jan","WELSPUNLIV","WELSPUNLIV","126.73","38.14","46.68","48.69","textiles","132.42","132.39","-2.18","-4.30","-2.94"
"8th Jan","NLCINDIA","NLCINDIA","258.80","53.93","54.12","57.20","power & utilities","255.77","252.74","-4.02","-4.85","3.43"
"8th Jan","HINDCOPPER","HINDCOPPER","520.75","67.68","80.55","74.35","metals & mining","474.50","409.20","-5.53","-3.90","0.473"
"8th Jan","MMTC","MMTC","65.76","57.48","52.29","50.34","services","63.40","62.71","-3.27","-2.29","-2.19"
"8th Jan","CARBORUNIV","CARBORUNIV","818.20","36.12","36.99","37.23","industrials","848.48","866.88","-0.644","-4.81","-4.40"
"8th Jan","NAVA","NAVA","585.70","56.66","51.41","59.94","miscellaneous","572.51","573.20","-2.84","2.14","3.23"
"8th Jan","ADANIENT","ADANIENT","2214","41.42","40.52","44.06","services","2256.06","2307.93","-2.64","-2.89","-1.15"
"8th Jan","LLOYDSME","LLOYDSME","1286.80","45.65","47.80","58.01","metals & mining","1318.45","1305.35","-3.80","-4.60","-2.61"
"8th Jan","UPL","UPL","794.50","61.32","67.05","63.68","chemicals","781.07","757.35","-1.05","-1.26","-0.082"
"8th Jan","CHOLAFIN","CHOLAFIN","1754","55.29","59.84","66.11","financials","1729.02","1701.34","-1.82","-1.52","3.04"
"8th Jan","SHRIRAMFIN","SHRIRAMFIN","992.90","70.68","79.91","74.87","financials","950.70","873.65","-0.296","-1.73","-0.331"
"8th Jan","CANFINHOME","CANFINHOME","895.15","42.80","59.71","59.49","financials","922.51","897.21","-3.38","-4.81","-3.75"
"8th Jan","SUPREMEIND","SUPREMEIND","3557.40","58.24","42.17","45.04","plastic products","3454.76","3561.78","-1.92","0.659","6.07"
"8th Jan","HEG","HEG","599","59.28","61.93","59.19","industrials","583.22","555.65","-3.16","-3.34","-3.98"
"8th Jan","GRAPHITE","GRAPHITE","645.55","65.22","64.81","58.41","industrials","609.12","582.95","-2.47","-2.14","0.600"
"8th Jan","BERGEPAINT","BERGEPAINT","519.70","36.87","42.23","47.81","building materials","535.99","543.32","-1.23","-0.840","-3.14"
"8th Jan","APOLLOHOSP","APOLLOHOSP","7364.50","59.13","50.57","58.73","healthcare","7183.22","7279.30","-1.11","3.30","4.57"
"8th Jan","GILLETTE","GILLETTE","7983.50","40.60","37.61","47.55","fmcg","8193.00","8466.05","-1.55","-2.73","-4.53"
"8th Jan","WIPRO","WIPRO","262.20","50.25","55.30","53.76","i.t","263.70","257.72","-3.18","-2.53","-0.410"
"8th Jan","JBCHEPHARM","JBCHEPHARM","1911","69.78","65.47","64.05","healthcare","1834.87","1795.28","-1.14","3.27","5.02"
"8th Jan","ASTRAZEN","ASTRAZEN","8418.50","31.44","42.11","57.14","healthcare","8808.78","8969.21","-0.543","-2.13","-6.76"
"8th Jan","ALKYLAMINE","ALKYLAMINE","1607.50","48.17","35.11","40.21","chemicals","1600.74","1681.46","4.50","0.025","0.714"
"8th Jan","PCBL","PCBL","285.45","31.99","28.01","45.02","chemicals","302.22","321.19","-2.89","-4.96","-5.32"
"8th Jan","DEEPAKNTR","DEEPAKNTR","1616.10","42.92","39.72","39.93","chemicals","1659.40","1670.34","-1.45","-5.55","-6.68"
"8th Jan","COROMANDEL","COROMANDEL","2271.20","45.99","50.84","61.34","chemicals","2305.29","2292.38","-2.00","-0.390","0.212"
"8th Jan","BAYERCROP","BAYERCROP","4495.70","48.06","38.84","42.25","chemicals","4502.78","4601.26","-0.886","-1.12","-1.37"
"8th Jan","SCHAEFFLER","SCHAEFFLER","3851","49.30","47.73","54.16","industrials","3843.28","3898.53","1.34","-0.601","-0.722"
"8th Jan","ELECON","ELECON","503.35","54.08","42.95","49.74","industrials","490.68","505.54","-2.80","0.469","4.55"
"8th Jan","ZEEL","ZEEL","90.59","37.91","32.75","35.64","media","92.18","96.54","-1.66","-0.582","0.700"
"8th Jan","WESTLIFE","WESTLIFE","524.10","40.13","31.77","34.23","consumer discretionary","540.06","563.26","-0.257","-2.70","-6.50"
"8th Jan","EICHERMOT","EICHERMOT","7551","67.54","73.51","80.14","auto","7330.00","7148.32","-0.415","2.95","3.26"
"8th Jan","CHOLAHLDNG","CHOLAHLDNG","1856.60","47.60","48.98","58.73","financials","1872.90","1880.65","-1.48","-0.849","2.41"
"8th Jan","SARDAEN","SARDAEN","494.80","43.22","46.05","60.24","metals & mining","510.34","514.27","-3.15","-5.39","-4.95"
"8th Jan","ZENSARTECH","ZENSARTECH","718.45","48.48","44.22","52.67","i.t","717.81","733.32","1.94","2.73","2.10"
"8th Jan","SRF","SRF","3042.30","52.37","54.18","59.33","chemicals","3040.03","2994.32","-1.79","-0.562","-1.06"
"8th Jan","SWANCORP","SWANCORP","440.75","37.19","45.54","48.11","textiles","463.11","460.38","-5.37","-4.77","-5.99"
"8th Jan","PHOENIXLTD","PHOENIXLTD","1903.20","66.76","68.34","70.09","realty","1855.91","1783.62","-2.03","-0.011","2.68"
"8th Jan","VTL","VTL","413.05","27.82","42.43","47.28","textiles","435.82","436.82","-2.93","-5.29","-5.60"
"8th Jan","BALKRISIND","BALKRISIND","2375.70","55.10","48.74","46.70","auto","2352.43","2348.00","-0.913","0.300","2.41"
"8th Jan","BBTC","BBTC","1835.80","43.90","46.25","50.47","auto","1872.35","1881.72","-3.59","-2.40","-2.82"
"8th Jan","TATAINVEST","TATAINVEST","685.85","35.83","42.62","53.50","financials","706.64","733.66","-1.87","-2.54","-1.68"
"8th Jan","FINPIPE","FINPIPE","177.10","54.73","40.99","41.77","plastic products","174.53","178.27","-1.37","-0.790","1.78"
"8th Jan","CEATLTD","CEATLTD","3850.60","51.33","56.15","62.24","auto","3825.14","3818.63","1.77","-0.942","0.997"
"8th Jan","APOLLOTYRE","APOLLOTYRE","519.95","57.19","61.85","58.31","auto","509.21","507.71","0.464","4.57","3.99"
"8th Jan","ITC","ITC","340.90","13.44","22.55","35.00","fmcg","377.70","392.54","-0.103","-2.61","-15.41"
"8th Jan","CASTROLIND","CASTROLIND","188.72","48.09","42.42","48.59","chemicals","189.30","191.14","-0.736","-1.45","-1.99"
"8th Jan","INDHOTEL","INDHOTEL","704.35","37.12","42.45","55.60","services","730.24","732.22","-1.54","-5.92","-4.67"
"8th Jan","EIHOTEL","EIHOTEL","350.40","30.01","37.88","50.46","services","364.78","372.11","-1.28","-4.60","-4.85"
"8th Jan","COLPAL","COLPAL","2046.60","33.08","31.74","40.89","fmcg","2097.91","2143.48","-1.44","-2.08","-1.40"
"8th Jan","BRITANNIA","BRITANNIA","6033.50","51.77","55.33","60.99","fmcg","6027.83","5972.35","-2.45","0.819","0.042"
"8th Jan","ASIANPAINT","ASIANPAINT","2786.50","49.12","59.13","52.99","building materials","2796.21","2752.84","-0.815","0.501","0.614"
"8th Jan","TATACONSUM","TATACONSUM","1197.40","56.34","62.14","61.91","fmcg","1182.84","1168.59","-1.25","2.28","0.453"
"8th Jan","NESTLEIND","NESTLEIND","1306.90","63.60","63.49","59.68","fmcg","1279.39","1260.15","-0.601","2.13","1.47"
"8th Jan","TATACHEM","TATACHEM","763.95","46.84","30.03","38.04","chemicals","765.98","798.76","-2.55","1.15","-0.209"
"8th Jan","HINDUNILVR","HINDUNILVR","2386.70","56.91","47.35","48.01","fmcg","2347.02","2381.55","-0.529","1.65","3.06"
"8th Jan","PFIZER","PFIZER","4806","32.93","41.18","49.42","healthcare","4958.69","5026.65","-2.48","-1.66","-3.64"
"8th Jan","GNFC","GNFC","483.40","40.96","41.77","40.88","chemicals","490.36","494.71","-0.780","-2.06","-2.10"
"8th Jan","GLAXO","GLAXO","2398.70","37.27","35.93","48.23","healthcare","2485.93","2545.39","-2.48","-3.43","-3.03"
"8th Jan","DEEPAKFERT","DEEPAKFERT","1220.70","41.19","38.13","52.65","chemicals","1253.27","1310.94","-1.16","-3.26","-5.16"
"8th Jan","GESHIP","GESHIP","1084.60","44.79","54.73","56.39","transportation","1104.90","1091.81","-2.12","-2.64","-3.93"
"8th Jan","VOLTAS","VOLTAS","1469.10","62.54","59.52","56.61","consumer discretionary","1413.62","1390.90","-2.55","2.72","7.93"
"8th Jan","TMPV","TMPV","359.45","46.07","39.80","41.77","auto","362.11","369.90","-1.07","-2.94","-2.15"
"8th Jan","SIEMENS","SIEMENS","3009.50","37.47","42.73","48.73","industrials","3112.14","3142.79","-3.96","-2.85","-1.76"
"8th Jan","BPCL","BPCL","354.55","39.15","54.33","60.16","energy","368.67","362.12","-3.71","-7.05","-7.67"
"8th Jan","BOSCHLTD","BOSCHLTD","38660","63.32","58.24","64.19","auto","37313.48","37180.32","-1.24","-1.93","7.27"
"8th Jan","M&M","M&M","3724","54.64","59.29","75.69","auto","3699.39","3654.00","-0.661","-2.06","0.399"
"8th Jan","LT","LT","4028.40","45.01","59.41","65.85","realty","4080.73","4011.14","-3.09","-3.24","-1.35"
"8th Jan","ESCORTS","ESCORTS","3882.10","61.15","61.47","60.54","auto","3784.51","3721.73","-0.206","0.910","4.36"
"8th Jan","BHARATFORG","BHARATFORG","1454.10","54.94","65.26","59.26","industrials","1449.32","1403.20","-1.98","-1.56","-1.11"
"8th Jan","BAJAJHLDNG","BAJAJHLDNG","11209","47.53","39.48","53.49","financials","11229.58","11546.09","0.098","0.250","-1.05"
"8th Jan","ABBOTINDIA","ABBOTINDIA","28340","45.91","40.30","50.08","healthcare","28487.52","28951.34","-0.509","0.764","-2.36"
"8th Jan","TATACOMM","TATACOMM","1775.90","42.46","50.83","53.40","telecom-service","1804.76","1809.14","-1.33","-0.793","-2.71"
"8th Jan","CUMMINSIND","CUMMINSIND","4118","33.49","51.87","65.17","industrials","4354.44","4330.55","-0.721","-8.12","-7.14"
"8th Jan","ASHOKLEY","ASHOKLEY","184.52","71.23","78.92","80.38","auto","176.83","164.00","-0.860","-2.26","2.97"
"8th Jan","SKFINDIA","SKFINDIA","1832","45.91","34.64","40.68","industrials","1834.38","1928.58","0.159","-1.37","-1.03"
"8th Jan","TATASTEEL","TATASTEEL","180.12","58.78","60.44","61.33","metals & mining","176.62","173.45","-2.00","-1.51","0.022"
"8th Jan","FEDERALBNK","FEDERALBNK","255.75","43.77","66.21","70.10","bank","261.19","251.45","-1.08","-4.20","-4.25"
"8th Jan","HINDALCO","HINDALCO","903.95","61.26","69.48","69.82","metals & mining","883.51","843.56","-3.68","-2.35","1.95"
"8th Jan","AMBUJACEM","AMBUJACEM","546.70","45.93","46.47","50.92","building materials","553.16","553.64","-2.72","-3.31","-1.73"
"8th Jan","TORNTPHARM","TORNTPHARM","4026.40","70.17","71.86","72.39","healthcare","3866.41","3781.18","-1.61","3.63","4.58"
"8th Jan","THERMAX","THERMAX","3061.40","60.55","44.88","45.09","industrials","2996.90","3014.82","-0.257","1.17","1.28"
"8th Jan","ACC","ACC","1723.40","36.59","36.90","37.97","building materials","1759.47","1792.48","-1.82","-1.45","-0.823"
"8th Jan","TATAELXSI","TATAELXSI","5716.50","65.33","54.62","45.64","i.t","5351.71","5319.06","-2.33","7.10","9.08"
"8th Jan","SUNDRMFAST","SUNDRMFAST","937.45","47.79","42.21","41.04","auto","940.55","950.50","-1.59","-0.462","0.300"
"8th Jan","TATAPOWER","TATAPOWER","374.20","41.18","43.26","51.41","power & utilities","381.90","384.80","-1.72","-4.81","-1.42"
"8th Jan","SHREECEM","SHREECEM","26850","52.43","41.87","48.10","building materials","26703.41","27013.26","-1.72","-0.721","1.03"
"8th Jan","JINDALSAW","JINDALSAW","163.45","43.98","33.69","40.87","industrials","166.83","170.94","-4.04","-4.18","-2.67"
"8th Jan","PATANJALI","PATANJALI","563.95","53.82","46.45","52.36","fmcg","557.41","563.28","-2.17","1.25","3.38"
"8th Jan","PIDILITIND","PIDILITIND","1500.80","58.57","52.80","54.16","chemicals","1478.99","1478.52","-0.924","1.53","1.24"
"8th Jan","RAYMOND","RAYMOND","417.05","33.21","26.63","43.51","transportation","435.14","473.65","-2.08","-4.46","-2.39"
"8th Jan","RELIANCE","RELIANCE","1470.60","32.65","49.72","54.98","energy","1541.43","1523.27","-2.23","-7.64","-6.36"
"8th Jan","ONGC","ONGC","231.42","39.46","40.88","48.40","energy","237.62","240.17","-3.20","-4.16","-3.73"
"8th Jan","GRASIM","GRASIM","2792","44.96","51.47","58.94","textiles","2820.54","2804.52","-1.59","-2.25","-1.31"
"8th Jan","VEDL","VEDL","603.50","63.56","71.84","71.37","metals & mining","589.56","552.75","-3.01","-2.18","-0.149"
"8th Jan","NCC","NCC","152.95","33.21","27.64","38.94","realty","160.37","171.78","-2.99","-5.29","-4.67"
"8th Jan","MRF","MRF","148720","38.10","49.83","59.58","auto","151399.55","152520.25","-0.943","-1.30","-2.71"
"8th Jan","MFSL","MFSL","1695.10","52.54","62.96","67.96","miscellaneous","1688.08","1666.50","-1.85","1.44","1.39"
"8th Jan","MAHSEAMLES","MAHSEAMLES","541.35","37.63","35.68","43.36","industrials","556.43","567.25","-2.52","-3.17","-3.56"
"8th Jan","RAMCOCEM","RAMCOCEM","1082.50","64.27","57.53","58.58","building materials","1057.64","1043.79","0.390","2.44","2.45"
"8th Jan","LUPIN","LUPIN","2190.90","65.89","64.88","65.70","healthcare","2117.03","2073.56","-1.06","4.07","3.86"
"8th Jan","LICHSGFIN","LICHSGFIN","525.75","36.72","37.71","45.36","financials","537.75","546.58","-2.31","-3.63","-2.56"
"8th Jan","TRENT","TRENT","3990.40","37.10","33.71","44.30","consumer discretionary","4193.13","4325.79","-1.73","-9.51","-6.74"
"8th Jan","KOTAKBANK","KOTAKBANK","2133","43.40","52.94","58.00","bank","2161.19","2141.45","-0.513","-2.83","-3.09"
"8th Jan","KIRLOSBROS","KIRLOSBROS","1630.40","47.64","38.73","50.48","industrials","1631.96","1694.20","0.074","-0.894","1.25"
"8th Jan","WHIRLPOOL","WHIRLPOOL","863.30","28.74","27.75","36.94","consumer discretionary","924.07","1028.12","-1.07","-4.56","-3.98"
"8th Jan","KAJARIACER","KAJARIACER","1009.40","43.75","37.73","45.02","building materials","1013.52","1063.45","0.243","2.91","4.22"
"8th Jan","JSWSTEEL","JSWSTEEL","1155.90","54.48","56.28","65.66","metals & mining","1142.23","1136.89","-2.85","-2.10","-0.764"
"8th Jan","INFY","INFY","1613.30","50.40","55.33","51.74","i.t","1619.79","1585.94","-1.57","-1.65","-0.130"
"8th Jan","HINDZINC","HINDZINC","590.75","52.60","64.45","63.02","metals & mining","596.16","550.23","-6.23","-6.05","-3.54"
"8th Jan","HSCL","HSCL","476.75","51.20","52.21","55.79","chemicals","477.97","469.82","-0.976","-3.49","-2.28"
"8th Jan","HFCL","HFCL","66.94","48.28","41.16","39.87","telecom","67.20","69.24","-3.85","-1.17","-1.25"
"8th Jan","HEROMOTOCO","HEROMOTOCO","5850","49.20","59.66","64.82","auto","5868.56","5794.18","-2.19","-1.40","1.37"
"8th Jan","HDFCBANK","HDFCBANK","946.70","28.54","41.65","56.05","bank","981.75","987.11","-0.248","-5.48","-4.49"
"8th Jan","KANSAINER","KANSAINER","234.59","50.53","45.68","39.85","building materials","234.35","235.89","-1.37","-2.69","-0.365"
"8th Jan","GODREJIND","GODREJIND","1023.60","50.51","41.86","51.73","chemicals","1017.85","1041.16","-2.90","0.245","2.11"
"8th Jan","GODFRYPHLP","GODFRYPHLP","2146.40","22.60","30.33","49.77","fmcg","2539.15","2773.86","-0.639","-4.57","-22.30"
"8th Jan","FINCABLES","FINCABLES","775.70","53.31","42.24","42.00","industrials","768.80","773.66","-0.875","-1.12","3.47"
"8th Jan","EIDPARRY","EIDPARRY","959","31.64","41.90","55.37","fmcg","1018.75","1031.76","-3.60","-5.16","-7.32"
"8th Jan","DRREDDY","DRREDDY","1206.90","29.22","42.36","50.33","healthcare","1256.62","1257.73","-2.89","-3.92","-5.07"
"8th Jan","IDBI","IDBI","104.63","53.94","56.85","61.35","bank","103.60","100.58","-3.23","-8.80","1.59"
"8th Jan","TITAN","TITAN","4249","79.10","73.48","64.92","consumer discretionary","4025.00","3901.30","-0.566","4.87","4.87"
"8th Jan","SAIL","SAIL","146.46","60.97","61.88","61.41","metals & mining","140.46","136.78","-2.60","-0.685","-0.361"
"8th Jan","SBIN","SBIN","998","60.06","74.49","72.47","bank","984.40","960.81","-0.908","-0.095","1.61"
"8th Jan","CHENNPETRO","CHENNPETRO","790.70","33.52","47.51","55.08","energy","850.98","872.33","-3.20","-4.41","-5.44"
"8th Jan","MRPL","MRPL","142.62","38.30","47.22","50.34","energy","149.19","151.50","-2.86","-5.74","-6.19"
"8th Jan","IFCI","IFCI","50","44.57","44.77","50.50","financials","51.32","51.96","-3.33","-6.75","-5.48"
"8th Jan","HINDPETRO","HINDPETRO","452.20","39.03","52.52","58.78","energy","474.09","465.52","-5.09","-8.80","-9.39"
"8th Jan","BHEL","BHEL","271.75","41.88","54.33","58.34","industrials","285.96","276.64","-10.48","-9.27","-5.46"
"8th Jan","DABUR","DABUR","519.45","63.27","53.43","49.08","fmcg","507.36","507.19","-0.278","-0.603","3.15"
"8th Jan","CGPOWER","CGPOWER","614.25","26.85","34.11","50.64","industrials","651.81","676.64","-3.56","-5.37","-5.19"
"8th Jan","CRISIL","CRISIL","4719","65.17","48.99","50.86","financials","4462.65","4532.65","-0.138","5.84","9.20"
"8th Jan","CIPLA","CIPLA","1460.60","36.97","40.39","51.92","healthcare","1501.53","1513.04","-0.497","-3.37","-3.35"
"8th Jan","EXIDEIND","EXIDEIND","352.80","34.70","35.31","47.19","auto","364.86","372.31","-1.84","-4.05","-2.60"
"8th Jan","CHAMBLFERT","CHAMBLFERT","454","43.95","39.23","48.12","chemicals","464.19","466.92","-3.03","-5.40","-5.83"
"8th Jan","CESC","CESC","167.10","45.43","48.45","55.70","power & utilities","169.43","170.07","-2.38","-4.72","-0.275"
"8th Jan","BLUESTARCO","BLUESTARCO","1819.20","54.46","49.73","56.68","consumer discretionary","1791.97","1803.00","-1.28","0.171","5.11"
"8th Jan","BEL","BEL","415.65","63.10","58.61","68.25","aerospace & defence","403.44","403.56","0","3.10","4.02"
"8th Jan","BEML","BEML","1820.30","48.36","43.70","51.45","aerospace & defence","1827.31","1874.99","-2.18","-2.02","-2.13"
"8th Jan","BATAINDIA","BATAINDIA","927.15","32.53","27.64","28.83","consumer discretionary","951.82","995.99","-0.940","-2.42","-1.68"
"8th Jan","BASF","BASF","3796.30","33.75","27.08","43.05","chemicals","3928.23","4097.43","-0.373","-3.52","-4.09"
"8th Jan","ABREL","ABREL","1633.80","40.68","39.64","45.62","realty","1685.76","1716.23","-2.09","-1.83","-2.45"
"8th Jan","BALRAMCHIN","BALRAMCHIN","426.50","40.00","34.86","43.70","fmcg","439.28","450.65","-2.66","-2.75","-4.03"
"8th Jan","BAJFINANCE","BAJFINANCE","971.95","37.91","48.35","61.59","financials","992.95","1003.94","0.325","-1.87","-1.50"
"8th Jan","ATUL","ATUL","6175","58.42","50.09","45.94","chemicals","6056.77","6016.46","0.956","1.07","0.554"
"8th Jan","ARE&M","ARE&M","914.45","41.27","35.68","45.11","auto","924.61","943.10","-0.549","-1.49","0.539"
"8th Jan","AEGISLOG","AEGISLOG","746.80","53.67","48.65","55.64","services","736.12","748.48","-0.294","2.84","4.07"
"8th Jan","ABB","ABB","5021","39.95","40.30","44.62","industrials","5174.88","5175.03","-5.25","-3.54","-2.88"