Date,symbol,stocks,cmp,dRSI,wRSI,mRSI,sector,ema20,ema50,latestChange,weeklyChange,monthlyChange
28th Jan	NTPCGREEN	NTPCGREEN	93.57	54.59	44.21	33.7	power & utilities	91.92	93.52	3.9	3.62	-1.04
28th Jan	NIVABUPA	NIVABUPA	77.01	51.28	47.96	51.13	financials	77	76.7	0.169	0.013	2.14
28th Jan	ACMESOLAR	ACMESOLAR	216.36	45.13	41.56	40.22	realty	218.53	230.84	4.42	8.75	-8.9
28th Jan	SWIGGY	SWIGGY	323.5	32.01	36.28	35.75	i.t	346.11	371.46	3.6	3.77	-16.25
28th Jan	SAGILITY	SAGILITY	51.7	50.34	57.1	64.65	i.t	51.8	50.92	-0.92	0.019	-0.615
28th Jan	AFCONS	AFCONS	336.9	23.99	29.37	34.74	realty	359.41	381.41	-1.12	-1.03	-12.92
28th Jan	WAAREEENER	WAAREEENER	2749.6	50.92	43.26	50.16	industrials	2686.49	2871.13	2.02	5.78	-7.36
28th Jan	HYUNDAI	HYUNDAI	2161.1	30.84	43.23	58.85	auto	2280.37	2312.2	-0.566	-4.51	-5.96
28th Jan	BAJAJHFL	BAJAJHFL	89.16	31.46	22.37	16.59	financials	92.3	96.63	0.598	0.917	-5.48
28th Jan	RAYMONDLSL	RAYMONDLSL	917.2	38.7	35.78	19.72	textiles	959.47	1025.07	-2.03	0.703	-12.02
28th Jan	PREMIERENE	PREMIERENE	715.05	35.67	29.56	37.83	services	758.84	841.2	1.05	4.68	-15.09
28th Jan	FIRSTCRY	FIRSTCRY	272.25	42.22	31.17	19.25	consumer discretionary	277.58	294.34	4.19	0.184	-5.11
28th Jan	OLAELEC	OLAELEC	32.08	34.09	34.65	17.81	auto	35.64	38.49	1.71	0.407	-11.48
28th Jan	AKUMS	AKUMS	430.5	45.28	40.57	25.09	healthcare	434.64	438.66	0.408	1.34	-5.05
28th Jan	EMCURE	EMCURE	1435.8	42.2	53.05	54.31	healthcare	1498.06	1453.99	-3.29	-6.21	5.23
28th Jan	GODIGIT	GODIGIT	330.2	43.57	43.22	52.27	financials	333.37	340.63	-0.467	-0.422	-4.18
28th Jan	TBOTEK	TBOTEK	1418.2	28.77	42.63	49.27	i.t	1523.43	1573.93	0.81	-1.72	-14.71
28th Jan	AADHARHFC	AADHARHFC	475.55	45.66	46.48	60.24	financials	478.22	485.01	0.211	1.53	-1.96
28th Jan	INDGN	INDGN	475.6	30.09	31.05	45.36	healthcare	495.81	513.03	2.31	0.274	-8.62
28th Jan	BHARTIHEXA	BHARTIHEXA	1535.2	26.63	37.5	58.52	telecom-service	1667.13	1719.39	-2.96	-4.95	-15.73
28th Jan	JYOTICNC	JYOTICNC	840.5	35.01	40.1	51.42	industrials	892.79	926.59	5.62	4.94	-15.04
28th Jan	INOXINDIA	INOXINDIA	1090.2	41.88	41.97	54.02	industrials	1113.02	1133.2	1.57	-0.411	-3.87
28th Jan	DOMS	DOMS	2351.8	33.92	42.11	58.61	miscellaneous	2476.77	2517.53	0.478	-1.31	-10.08
28th Jan	TATATECH	TATATECH	660.65	52.32	43.76	27.56	i.t	654.61	661.22	1.42	0.471	2.74
28th Jan	IREDA	IREDA	133.87	47.02	41.95	53.39	financials	134.9	138.69	3.87	5.08	-4.31
28th Jan	HONASA	HONASA	267.75	38.43	44.66	40.62	services	279.24	280.19	-0.962	-1.49	-6.46
28th Jan	JSWINFRA	JSWINFRA	261	40.66	37.89	52.54	transportation	268.08	274.93	0.269	1.81	-8.36
28th Jan	SIGNATURE	SIGNATURE	820	12.31	23.21	46.58	realty	952.81	1028.4	-0.364	-4.91	-27.27
28th Jan	NUVAMA	NUVAMA	1322.5	38.43	44.17	59.06	financials	1402.7	1424.15	4.53	-0.758	-10.67
28th Jan	RRKABEL	RRKABEL	1348	34.12	48.51	50.42	industrials	1432.77	1423.88	1.31	-0.266	-7.21
28th Jan	CONCORDBIO	CONCORDBIO	1190.4	27.93	31.06	43.48	healthcare	1294.75	1357.73	-2.59	-4.61	-11.53
28th Jan	SBFC	SBFC	88.85	29.17	33.89	44.03	financials	100.85	103.82	-1.24	-12.77	-14.61
28th Jan	NETWEB	NETWEB	3136.4	46.08	51.61	62.01	i.t	3201.59	3243.83	3.38	1.17	0.823
28th Jan	JIOFIN	JIOFIN	255.2	23.93	31.27	47.11	financials	276.49	288.96	-0.332	0.909	-13.48
28th Jan	MANKIND	MANKIND	2116.9	43.11	33.91	49.4	healthcare	2162.05	2211.29	1.08	0.441	-3.62
28th Jan	NSLNISP	NSLNISP	42.86	54.11	52.08	51.64	metals & mining	41.78	42.12	3.3	8.26	-3.14
28th Jan	KFINTECH	KFINTECH	1022.1	41.26	42.22	53.17	financials	1044.74	1062.67	0.6	0.334	-5.54
28th Jan	KAYNES	KAYNES	3490.6	33.26	25.08	43.4	consumer discretionary	3705.59	4361.66	4.73	3.3	-13.02
28th Jan	FIVESTAR	FIVESTAR	501.3	32.09	35.02	39.96	n/a	522.83	546.12	-2.22	-2.22	-8.08
28th Jan	MEDANTA	MEDANTA	1049	33.35	35	47.89	healthcare	1119.91	1171.59	0.585	1.84	-11.58
28th Jan	BIKAJI	BIKAJI	661.8	33.22	36.09	48.91	fmcg	692.61	711.65	2.21	1.67	-11.74
28th Jan	PPLPHARMA	PPLPHARMA	153.96	30.12	31.42	40.57	healthcare	164.03	173.31	0.991	1.68	-10.6
28th Jan	SYRMA	SYRMA	722.9	53.02	49.1	61.34	consumer discretionary	700.29	733.61	10.01	8.65	-1.4
28th Jan	DELHIVERY	DELHIVERY	407.75	53.05	47.81	49.9	transportation	400.24	410.79	1.85	5.33	0.966
28th Jan	LICI	LICI	822.15	43.45	39.79	45.95	financials	827.89	849.62	1.78	2.46	-3.83
28th Jan	RAINBOW	RAINBOW	1188.2	24.16	30.31	45.58	healthcare	1248.12	1297.64	-0.025	0.219	-9.98
28th Jan	CAMPUS	CAMPUS	253.05	46.31	41.62	44.83	consumer discretionary	254.15	260.61	3.69	1.06	-3.4
28th Jan	MSUMI	MSUMI	43.32	39.29	46.38	52.67	auto	45.42	46.11	2.53	0.791	-10.72
28th Jan	MANYAVAR	MANYAVAR	485.45	21.43	13.41	28	consumer discretionary	526.7	570.26	-1.54	0.196	-16.6
28th Jan	AWL	AWL	209.79	23.11	27.09	36.2	fmcg	220.08	235.19	1.06	0.349	-11.59
28th Jan	DATAPATTNS	DATAPATTNS	2610.6	54.05	49.36	53.79	aerospace & defence	2488.35	2603.12	13.63	19.62	-0.609
28th Jan	MAPMYINDIA	MAPMYINDIA	1317.9	24.05	25.72	38.42	i.t	1480.87	1589.26	1.84	0.95	-23.7
28th Jan	ANANDRATHI	ANANDRATHI	2879.5	28.59	51.61	68.36	financials	3031.89	3019.57	-0.731	-2.7	-7.48
28th Jan	STARHEALTH	STARHEALTH	440.55	44.81	45.66	43.05	financials	443.17	455.49	3.61	3.62	-3.18
28th Jan	LATENTVIEW	LATENTVIEW	402.55	32.98	42.37	43.6	i.t	427.83	445.29	1.19	2.7	-12.24
28th Jan	SAPPHIRE	SAPPHIRE	189.85	28.91	27	32.44	consumer discretionary	214.03	235.01	4.43	2.68	-26.14
28th Jan	PAYTM	PAYTM	1177	36.94	47.39	57.44	i.t	1261.4	1278.95	2.81	3.35	-9.38
28th Jan	POLICYBZR	POLICYBZR	1653.1	40.15	42.6	53.25	i.t	1707.63	1759.48	1.43	-1.24	-9.45
28th Jan	NYKAA	NYKAA	237.2	30.41	47.85	53.8	i.t	248.62	252.34	0.296	1.07	-10.54
28th Jan	ABSLAMC	ABSLAMC	780.1	45.45	49.46	56.4	financials	795.88	789.76	0.122	-0.051	-3.12
28th Jan	VIJAYA	VIJAYA	955.9	36.68	43	53.96	healthcare	995.15	1006.74	-1.29	-4.05	-9.91
28th Jan	APTUS	APTUS	273.1	48.2	40.13	40.85	financials	272.55	281.69	2.09	5.16	-2.15
28th Jan	DEVYANI	DEVYANI	114.42	27.08	31.32	37.38	consumer discretionary	128.29	136.73	2.43	-0.148	-22.66
28th Jan	ALIVUS	ALIVUS	932.7	62.65	50.7	51.55	healthcare	890.16	898.4	5.01	5.57	1.76
28th Jan	ETERNAL	ETERNAL	266.3	41.68	39.86	56.24	i.t	277.84	288.25	4.9	2.94	-4.23
28th Jan	CLEAN	CLEAN	859	42.96	26.29	35.48	chemicals	866.36	901.82	0.433	0.532	-1.95
28th Jan	KIMS	KIMS	609.65	44.93	39.82	54.62	healthcare	617.51	642.43	-0.87	4.73	0.172
28th Jan	SHYAMMETL	SHYAMMETL	836.2	55.76	47.97	56.26	metals & mining	813.41	827.13	4.64	7.33	-1.35
28th Jan	SONACOMS	SONACOMS	494.1	60.54	54.62	47.41	auto	469.76	474.05	1.29	8.33	3.07
28th Jan	LODHA	LODHA	929.1	28.54	30.73	41.99	realty	1015.09	1072.94	2.41	3.2	-12.46
28th Jan	KALYANKJIL	KALYANKJIL	367.95	17.89	26.66	43.05	consumer discretionary	441.14	468.91	-0.258	0.204	-24.19
28th Jan	CRAFTSMAN	CRAFTSMAN	7780	56.57	63.21	70.36	auto	7535.92	7316.3	2.77	8.08	1.18
28th Jan	JUBLINGREA	JUBLINGREA	633.9	36.59	40.71	49.87	chemicals	674.92	688.48	1.98	-0.736	-9.89
28th Jan	RAILTEL	RAILTEL	346.95	50.77	47.49	50.4	telecom-service	344.16	348.78	4.88	5.71	-6.62
28th Jan	HOMEFIRST	HOMEFIRST	1190.9	61.27	52.02	57.3	financials	1106.63	1125.12	-4.86	7.02	8.05
28th Jan	IRFC	IRFC	120.15	50.5	47.24	49.68	financials	119.64	120.33	4.83	5.26	-3.59
28th Jan	GLAND	GLAND	1689.7	47.61	40.92	47.55	healthcare	1696.79	1730.93	0.823	0.428	-1.88
28th Jan	MAZDOCK	MAZDOCK	2505.6	54.35	44.74	55.97	aerospace & defence	2436.63	2521.66	7.3	8.85	0.618
28th Jan	UTIAMC	UTIAMC	991.8	32.39	31.31	45.61	financials	1061.18	1116.77	3.53	1.76	-12.19
28th Jan	ANGELONE	ANGELONE	2615.1	55.62	52.51	52.9	financials	2532.26	2529.73	2.83	3.98	11.57
28th Jan	CAMS	CAMS	709.4	43.66	41.53	49.26	financials	721.08	741.34	1.68	4.42	-4.25
28th Jan	ROUTE	ROUTE	600.95	35.01	25.45	26.61	i.t	641.87	676.76	4.61	0.092	-14.37
28th Jan	HAPPSTMNDS	HAPPSTMNDS	404.25	23.01	19.81	26.78	i.t	432.33	462.56	-0.234	-0.468	-12.2
28th Jan	MAXHEALTH	MAXHEALTH	958.6	26.54	33.66	49.5	healthcare	1017.88	1059.46	-1.73	-3.31	-8.28
28th Jan	POWERINDIA	POWERINDIA	17683	48.53	47.12	59.19	industrials	17549.54	18429.13	5.83	7.16	-3.42
28th Jan	SBICARD	SBICARD	782.4	31.85	35.21	47.13	financials	825.58	849.61	1.48	1.54	-9.2
28th Jan	COHANCE	COHANCE	381.5	13.9	15.52	30.24	healthcare	441.48	527.12	1.73	-0.026	-27.83
28th Jan	SUMICHEM	SUMICHEM	401.6	30.93	31.59	41.54	chemicals	434.25	454.85	-0.742	-4.12	-14.73
28th Jan	FLUOROCHEM	FLUOROCHEM	3015.2	18.35	30.55	43.73	chemicals	3333.09	3448.53	0.1	-3.58	-17.76
28th Jan	IRCTC	IRCTC	625.1	40.33	32.27	37.88	transportation	639.57	663.49	2.9	1.18	-8.69
28th Jan	360ONE	360ONE	1139.9	48.67	51.87	60.74	financials	1143.83	1142.27	2.35	2.48	-4.21
28th Jan	SWSOLAR	SWSOLAR	189.12	39	32.29	33.56	realty	199.17	211.4	3.05	2.26	-11.7
28th Jan	AFFLE	AFFLE	1561.6	28.19	35.64	49.6	i.t	1674.85	1723.7	1.53	-1.15	-13.22
28th Jan	INDIAMART	INDIAMART	2186.3	47.52	39.77	42.83	i.t	2199.98	2251.92	0	-0.351	-1.67
28th Jan	KPITTECH	KPITTECH	1105.8	35.41	38.56	43.61	i.t	1150.71	1175.89	0.127	-0.781	-5.69
28th Jan	POLYCAB	POLYCAB	6928	39.06	45.23	57.16	industrials	7240.8	7366.78	2.39	3.06	-9.07
28th Jan	METROPOLIS	METROPOLIS	1830.8	40.13	40.61	48.95	healthcare	1892.55	1919.1	0.274	0.96	-5.09
28th Jan	RVNL	RVNL	342.5	54.46	50.26	51.42	realty	334.3	333.73	5.74	5.34	-4.13
28th Jan	CHALET	CHALET	824.25	34.62	38.6	51.68	services	855.97	877.99	0.703	0.512	-5.32
28th Jan	TECHNOE	TECHNOE	942.5	37.12	31.69	43.78	realty	984.63	1076.25	4.33	5.5	-12.9
28th Jan	ATGL	ATGL	529.85	37.32	34.93	37.56	energy	549.6	571.99	0.866	2.4	-6.5
28th Jan	GRSE	GRSE	2518.7	57.54	51	60.3	aerospace & defence	2402.02	2465.43	5.49	12.7	3.05
28th Jan	AAVAS	AAVAS	1493	55.88	43.57	43.88	financials	1459.43	1501.72	0.498	0.912	1.98
28th Jan	IRCON	IRCON	163.74	51.15	47.81	47.7	realty	162.03	163.92	5.7	7.1	-7.83
28th Jan	CREDITACC	CREDITACC	1292.3	47.44	49.05	53.67	financials	1318.02	1317.97	-2.14	-7.21	1.47
28th Jan	HDFCAMC	HDFCAMC	2477.6	40.81	42.35	60.84	financials	2539.91	2605.81	1.67	1.97	-7.28
28th Jan	RITES	RITES	227.23	46.86	42.86	44.05	miscellaneous	228.55	234.45	4.26	4.33	-6.42
28th Jan	ADANIGREEN	ADANIGREEN	822.9	30.36	35.69	39.55	power & utilities	915.82	970.95	2.98	6.48	-18.93
28th Jan	LEMONTREE	LEMONTREE	126.98	24.24	32.48	46.55	services	141.09	150.41	1.73	2.38	-20.27
28th Jan	HAL	HAL	4624	60.86	53.32	58.88	aerospace & defence	4421.55	4463.84	6.34	7.39	5.36
28th Jan	BANDHANBNK	BANDHANBNK	153.35	62.65	48.76	40.88	bank	145.81	148.3	2.91	2.69	5.16
28th Jan	BDL	BDL	1570	60.99	53.21	58.33	aerospace & defence	1484.38	1486.68	6.85	11.51	7.06
28th Jan	ASTERDM	ASTERDM	549.65	31.27	36.96	55.95	healthcare	586.42	611.58	-0.821	-1.01	-10.89
28th Jan	AMBER	AMBER	5614	27.07	29.38	48.96	consumer discretionary	6085.2	6549.08	1.89	0.871	-12.1
28th Jan	NEWGEN	NEWGEN	599.95	17.01	22.19	41.24	i.t	723.93	798.95	-0.827	-3.89	-29.01
28th Jan	NIACL	NIACL	147.68	42.08	35.98	41.73	financials	149.57	158.59	2.7	2.97	-5.22
28th Jan	HDFCLIFE	HDFCLIFE	728.6	41.91	44.29	53.44	financials	739.39	749.92	1.19	2.32	-2.83
28th Jan	NAM-INDIA	NAM-INDIA	834.8	44.41	49.28	65.28	financials	856.43	863.23	4.49	1.32	-5.1
28th Jan	TIINDIA	TIINDIA	2280.7	33.87	28.24	37.46	industrials	2395.49	2582.83	4.17	2.76	-12.75
28th Jan	IEX	IEX	128.71	39.42	38.27	40.1	financials	135.16	138.45	0.909	0.925	-4.11
28th Jan	GICRE	GICRE	375.35	52.97	48.85	53.77	financials	371.54	374.48	0.603	1.28	-1.43
28th Jan	GODREJAGRO	GODREJAGRO	530.9	40.38	30.27	38.59	fmcg	543.37	572.1	2.63	3.49	-7.06
28th Jan	ICICIGI	ICICIGI	1822.2	34.31	39.8	51.3	financials	1878.78	1920.53	0.903	1.48	-7.13
28th Jan	SBILIFE	SBILIFE	2053.2	52.08	63.11	70.27	financials	2048.23	2020.09	0.736	2.53	0.899
28th Jan	ABCAPITAL	ABCAPITAL	348.3	45.97	62.23	72.27	financials	353.1	346.46	-0.172	0.245	-2.63
28th Jan	DIXON	DIXON	10279	24.82	23.78	43.17	consumer discretionary	11254.23	12587.36	0.933	-0.782	-15.06
28th Jan	COCHINSHIP	COCHINSHIP	1622.9	58.21	47.04	54.28	aerospace & defence	1551.62	1606.07	6.55	9.04	0.173
28th Jan	ERIS	ERIS	1350.9	27.89	31.64	51.07	healthcare	1450.7	1515.05	0.573	-2.5	-10.28
28th Jan	TEJASNET	TEJASNET	339.05	32.91	23.23	31.39	telecom	374.09	432.57	14.49	11.51	-24.6
28th Jan	CDSL	CDSL	1356.9	37.59	38.44	52.02	financials	1402.59	1465.85	2.63	2.31	-6.01
28th Jan	AUBANK	AUBANK	962.35	42.8	64.58	65.6	bank	986.82	960.59	-0.124	-0.388	-3.23
28th Jan	HUDCO	HUDCO	204.33	40.87	43.24	50.92	financials	211.55	217.81	3.13	4.27	-10.43
28th Jan	DMART	DMART	3735.7	46.59	37.74	44.92	consumer discretionary	3748.91	3856.53	1.77	1.91	-1.23
28th Jan	BSE	BSE	2821.5	58.02	60.29	69.25	financials	2724.83	2688.97	2.18	5.07	7.19
28th Jan	SUNDARMFIN	SUNDARMFIN	5241.5	59.05	60	62.45	financials	5125.2	5001.75	0.953	4.22	-0.782
28th Jan	FACT	FACT	819.4	43.45	42.95	51.58	chemicals	836.37	859.87	3.3	4.79	-10.2
28th Jan	KARURVYSYA	KARURVYSYA	293.8	70.82	77.57	79.2	bank	268.24	258.33	0.427	10.66	11.36
28th Jan	LAURUSLABS	LAURUSLABS	999	39.14	56.97	71.2	healthcare	1043.1	1029.23	-0.12	-1.71	-9.84
28th Jan	VBL	VBL	468.4	39.58	46.28	49	fmcg	485.11	481.22	-0.689	-1.2	-4.38
28th Jan	PNBHOUSING	PNBHOUSING	845.55	33.49	43.5	50.03	financials	917.66	921.84	2.44	4.08	-11.14
28th Jan	ENDURANCE	ENDURANCE	2394.8	35.44	39.32	52.44	auto	2496.74	2587.57	2.6	1.6	-7.53
28th Jan	ICICIPRULI	ICICIPRULI	642.4	42	52.62	53.48	financials	657.4	647.56	-0.225	0.579	-3.87
28th Jan	LTTS	LTTS	3857.2	31.3	36.51	42.08	i.t	4103.66	4248.19	1.57	0.503	-13.56
28th Jan	BLS	BLS	264.4	21.28	27.3	43.13	i.t	294.6	308.91	-1.89	-3.87	-17.66
28th Jan	RBLBANK	RBLBANK	297.35	44.91	53.04	61.9	bank	303.32	304.54	0.677	3.03	-5.84
28th Jan	LTIM	LTIM	6015.5	48.61	56.51	57.95	i.t	6042.89	5999.43	1.26	2.07	-0.792
28th Jan	MGL	MGL	1043.3	37.81	31.97	41.41	energy	1086.43	1132.05	1.43	-3.13	-8.17
28th Jan	CROMPTON	CROMPTON	225.4	27.21	17.91	33.34	consumer discretionary	242.14	255.16	1.46	0.044	-10.64
28th Jan	NH	NH	1761.6	37.84	45.84	59.54	healthcare	1839.67	1859.74	2.07	0.853	-6.89
28th Jan	LALPATHLAB	LALPATHLAB	1400.4	44.73	41.36	49.2	healthcare	1417.56	1456.84	-0.071	1.74	-5.54
28th Jan	ALKEM	ALKEM	5722.5	51.68	59.52	62.2	healthcare	5718.33	5660.91	-0.547	-0.487	3.92
28th Jan	INDIGO	INDIGO	4749	39.28	36.42	52.26	transportation	4888.71	5116.77	-0.419	0.946	-6.14
28th Jan	IDFCFIRSTB	IDFCFIRSTB	82.93	47.81	60.67	59.81	bank	83.54	82.3	-0.683	-0.072	-3.13
28th Jan	GUJGASLTD	GUJGASLTD	410.55	51.34	46.74	43.1	energy	408.81	409.05	1.92	1.38	-0.4
28th Jan	SYNGENE	SYNGENE	480.3	10.38	26.46	35.69	healthcare	596.64	623.41	-1.92	-11.68	-26.22
28th Jan	ADANIENSOL	ADANIENSOL	882	40.32	46.34	46.04	power & utilities	929.21	954.24	3.87	8.53	-14.15
28th Jan	AIIL	AIIL	502.1	31.13	42.06	61.21	financials	579.68	580.39	-3.13	-3.78	-19.88
28th Jan	PNCINFRA	PNCINFRA	213.4	26.98	22.41	35.37	realty	233.11	247.29	0.851	-1.34	-15.21
28th Jan	INOXWIND	INOXWIND	109.25	38.39	32.77	42.72	industrials	113.76	123.29	4.33	5.49	-11.56
28th Jan	PTCIL	PTCIL	17930	51.03	57.74	65.86	industrials	17856.09	17718.99	3.28	2.59	-3.51
28th Jan	MINDACORP	MINDACORP	543.35	40.9	45.63	57.97	auto	562.32	572.23	0.667	0.083	-5.36
28th Jan	INTELLECT	INTELLECT	910.1	41.92	41.66	50.1	i.t	933.72	979.68	1.6	2.14	-6.27
28th Jan	SAMMAANCAP	SAMMAANCAP	141.83	46.21	46.83	47.68	financials	142.4	147.21	2.21	2.1	-2.62
28th Jan	ABFRL	ABFRL	65.31	33.62	33.48	38.89	consumer discretionary	70.05	74.17	5.56	5.95	-14.94
28th Jan	JUSTDIAL	JUSTDIAL	666.85	35.35	32.4	39.06	i.t	700.46	724.81	2.56	3.44	-8.06
28th Jan	INDUSTOWER	INDUSTOWER	425.3	52.77	59.32	62.05	telecom	423.09	413.61	0.651	2.94	1.56
28th Jan	RTNINDIA	RTNINDIA	35.7	37.02	32.8	39.25	financials	37.49	40.95	8.21	8.38	-13.5
28th Jan	NBCC	NBCC	99.53	36.22	42.34	52.14	miscellaneous	105.21	109.59	2.78	4.68	-18.26
28th Jan	SCHNEIDER	SCHNEIDER	697.7	56.31	44.41	51.14	industrials	653.4	701.34	10.2	15	-3.49
28th Jan	MCX	MCX	2593	72.1	76.05	81.9	financials	2314.29	2165.12	7.24	13.63	16.42
28th Jan	RHIM	RHIM	423.55	41.65	38.65	40.95	building materials	440.38	450.01	3.2	1.15	-7.73
28th Jan	APLAPOLLO	APLAPOLLO	2091	73.88	73.44	70.27	industrials	1941.49	1868.72	1.48	4.54	9.25
28th Jan	TRITURBINE	TRITURBINE	479.9	35.82	38.24	45.49	industrials	499.14	517	2.27	3.81	-10.84
28th Jan	PGEL	PGEL	540.05	41.13	42.18	49.83	consumer discretionary	562.18	571.21	4.15	5.82	-6.13
28th Jan	APLLTD	APLLTD	763.7	26.13	27.61	42.34	healthcare	794.6	837.34	0.845	-0.111	-9.74
28th Jan	LTF	LTF	289.4	43.14	58.72	71.67	financials	296.05	294.67	1.45	0.486	-8.4
28th Jan	MUTHOOTFIN	MUTHOOTFIN	3955.5	59.53	73.38	86.46	financials	3875.29	3749.11	2.28	4.02	3.77
28th Jan	ZENTEC	ZENTEC	1362.8	55.73	44.28	50.54	aerospace & defence	1319.34	1352.24	6.48	5.84	-0.409
28th Jan	DALBHARAT	DALBHARAT	2074.4	45.43	47.58	52.48	building materials	2118.47	2106.55	-1.55	-0.504	-2.65
28th Jan	KIRLOSENG	KIRLOSENG	1113.2	42.1	55.15	59.29	industrials	1149.37	1138.9	1.38	1.74	-8.66
28th Jan	GRAVITA	GRAVITA	1554.8	36.55	39.92	49.85	metals & mining	1637.94	1704.17	6.04	0.316	-16.31
28th Jan	COALINDIA	COALINDIA	444.05	67.75	66.83	61.76	metals & mining	419.99	406.49	5	6.13	11.29
28th Jan	PRESTIGE	PRESTIGE	1422	33.77	36.94	51.09	realty	1502.26	1571.55	2.16	2.39	-10.84
28th Jan	OBEROIRLTY	OBEROIRLTY	1483.2	29.87	36.21	46.91	realty	1588.25	1634.02	1.06	2.02	-11.22
28th Jan	JWL	JWL	323.95	55.69	50.47	47.38	industrials	312.44	309.18	4.92	6.65	-4.65
28th Jan	GPPL	GPPL	168.92	40.18	48.19	52.44	transportation	176.77	178.3	4.8	1.83	-7.2
28th Jan	SJVN	SJVN	74.22	46.43	38.63	39.99	power & utilities	75.29	77.69	3.72	4.74	-0.722
28th Jan	PERSISTENT	PERSISTENT	6213	46.05	56.39	62.32	i.t	6296.8	6224.61	-0.048	0.942	-0.941
28th Jan	DBREALTY	DBREALTY	101.93	35.88	24.13	40.2	realty	108.22	119.98	4.17	-0.701	-14.01
28th Jan	JUBLFOOD	JUBLFOOD	493.65	25.29	28.62	40.06	consumer discretionary	522.16	551.1	1.1	0.213	-11.63
28th Jan	GODREJPROP	GODREJPROP	1550.3	21.41	29.42	38.29	realty	1803.06	1944.33	2.13	0.591	-22.66
28th Jan	JSWENERGY	JSWENERGY	446.25	34.34	37.35	44.09	power & utilities	480.72	489.5	1.41	-6.57	-7.5
28th Jan	OIL	OIL	490.5	73.93	67.02	59.97	energy	436.45	426.16	9.35	12.58	15.59
28th Jan	NHPC	NHPC	78.89	49.68	46.6	51.06	power & utilities	78.81	79.54	4.99	4.84	-0.417
28th Jan	ADANIPOWER	ADANIPOWER	134.72	37.27	46.7	58.99	power & utilities	140.29	143.02	0.164	1.32	-5.78
28th Jan	ZFCVINDIA	ZFCVINDIA	14234	50.16	53.53	54.54	auto	14191.78	14135.58	1.39	4.99	-4.33
28th Jan	BAJAJFINSV	BAJAJFINSV	1940.3	37.68	41.57	54.94	financials	1990.74	2020.59	1.18	-0.446	-4.88
28th Jan	BAJAJ-AUTO	BAJAJ-AUTO	9433.5	53.27	61.86	61.5	auto	9392.1	9248	-0.616	0.212	0.969
28th Jan	TITAGARH	TITAGARH	816.35	50.36	46.41	47.35	industrials	810.29	826.39	4.61	3.79	-8.48
28th Jan	RECLTD	RECLTD	377.5	59.32	51.55	48.88	financials	365.35	363.14	3.72	4.47	5.8
28th Jan	VGUARD	VGUARD	317.5	46.44	36.1	42.59	industrials	317.38	329.06	0.794	2.09	-3.2
28th Jan	IRB	IRB	41.11	49.13	42.35	44.53	realty	41	41.82	3.47	3.5	-2.24
28th Jan	KNRCON	KNRCON	145.05	47.26	36.96	34.24	realty	145.22	155.05	7.85	7.96	-10.89
28th Jan	RPOWER	RPOWER	29.4	35.41	34.85	45.02	power & utilities	31.96	35.33	7.18	4	-15.64
28th Jan	BRIGADE	BRIGADE	735.35	20.87	28.15	40.43	realty	817.68	863.25	-0.339	-3.26	-16.91
28th Jan	TARIL	TARIL	241.95	37.33	32.69	41.36	industrials	263.33	296.13	4.67	4.06	-15.18
28th Jan	ECLERX	ECLERX	4422.7	44.92	53.47	65.83	i.t	4504.96	4524.64	0.295	2.29	-5.81
28th Jan	JYOTHYLAB	JYOTHYLAB	247.9	27.66	20.11	35.34	fmcg	260.33	277.28	0.67	-0.542	-12.29
28th Jan	ADANIPORTS	ADANIPORTS	1381.9	42.14	46.21	55.92	transportation	1416.9	1445.23	1.32	5.62	-5.98
28th Jan	POWERGRID	POWERGRID	259.8	48.15	38.43	46.66	power & utilities	259.62	265.12	2.14	2.22	-1.81
28th Jan	MOTILALOFS	MOTILALOFS	790.15	43.36	41.29	55.24	financials	813.04	857.92	7.93	5.21	-7.67
28th Jan	KPRMILL	KPRMILL	926.8	56.13	43.96	50.35	consumer discretionary	884.11	936.26	2.93	9.18	-1.66
28th Jan	CENTRALBK	CENTRALBK	37.14	48.62	47.48	42.17	bank	37.26	37.43	3.02	2.29	-0.695
28th Jan	DLF	DLF	625.55	37.94	35.01	43.27	realty	647.95	682.23	2.62	6.3	-9
28th Jan	FORTIS	FORTIS	849.05	37.56	42.88	63.81	healthcare	877.4	901.37	1.26	0.598	-3.95
28th Jan	ASTRAL	ASTRAL	1452.9	53.55	50.96	45.03	plastic products	1425.59	1433.8	3.74	4.99	4.64
28th Jan	PAGEIND	PAGEIND	32615	22.53	22.08	35.43	consumer discretionary	34191.15	36121.84	0.292	-0.806	-9.52
28th Jan	IDEA	IDEA	9.95	36.47	51.7	51.55	telecom-service	10.66	10.61	1.22	0.201	-7.53
28th Jan	INDIANB	INDIANB	898.35	64.92	68.78	76.45	bank	852.02	831.15	2.47	2.5	7.3
28th Jan	PFC	PFC	383.05	61.81	50.75	50.96	financials	365.2	366.17	5.92	6.8	7.78
28th Jan	FSL	FSL	319.95	44.63	42.78	55.27	i.t	323.6	333.5	2.55	2.02	-4.72
28th Jan	REDINGTON	REDINGTON	260.05	43.06	47.31	55.81	services	266.02	271.19	3.85	3.73	-4.52
28th Jan	NETWORK18	NETWORK18	37.34	33.82	28.24	35.68	media	39.85	42.61	3.75	2.44	-13.94
28th Jan	TANLA	TANLA	518.5	54.56	40.64	39.41	i.t	494.47	532.19	6.53	7.8	-1.33
28th Jan	SOBHA	SOBHA	1416.1	43.53	44.53	51.25	realty	1452.36	1485.89	3.39	2.48	-2.96
28th Jan	LTFOODS	LTFOODS	357.9	42.39	37.94	52.25	fmcg	364.99	382.96	0.463	3.47	-8.1
28th Jan	TORNTPOWER	TORNTPOWER	1332.9	51.8	51.02	52.6	power & utilities	1324.44	1315.79	1.77	4.89	2.01
28th Jan	NAUKRI	NAUKRI	1299.9	43.81	41.82	49.73	i.t	1321.95	1337.7	1.63	-0.077	-2.53
28th Jan	ACE	ACE	831.5	37.95	33.8	40.68	industrials	865.59	924.48	2.85	5.07	-12.16
28th Jan	TECHM	TECHM	1762.9	71.58	70.37	63.18	i.t	1658.45	1599.58	1.02	3.63	10.81
28th Jan	GMRAIRPORT	GMRAIRPORT	93.91	36.81	48.08	57.55	miscellaneous	98.11	99.18	1.37	2.96	-10.02
28th Jan	GPIL	GPIL	257.2	52.38	55.43	62.76	metals & mining	253.45	252.44	3.84	6.35	-3.33
28th Jan	SUNTV	SUNTV	540.35	43.26	43.82	43.71	media	554.57	558.78	1.97	-4.18	-8.03
28th Jan	SOLARINDS	SOLARINDS	13916	65.72	54.78	60.32	aerospace & defence	12856.49	12952.97	9.01	9.94	13.58
28th Jan	M&MFIN	M&MFIN	370.15	53.97	60.98	63.59	financials	363.86	355.26	1.66	2.63	-8.15
28th Jan	KEC	KEC	663.15	42.27	37.9	44.98	realty	681.4	713.58	5.85	4.44	-10.13
28th Jan	GSPL	GSPL	300	48.64	46.71	47.42	energy	301.59	301.46	1.73	0.604	-2.04
28th Jan	PVRINOX	PVRINOX	934.8	36.62	37.03	38.11	media	991.02	1031.91	-2.06	0.408	-7.92
28th Jan	AIAENG	AIAENG	3907.2	52.75	61.5	57.47	industrials	3869.63	3795.92	1.69	4.75	-2.75
28th Jan	RENUKA	RENUKA	24.82	47.14	38.86	36.08	fmcg	24.85	26.07	3.2	7.68	-5.01
28th Jan	SUZLON	SUZLON	47.8	41.42	37.94	47.23	industrials	48.94	51.49	4.39	4.6	-9.25
28th Jan	YESBANK	YESBANK	21.48	43.2	49.25	51.16	bank	22.02	22.11	2.19	2.68	-0.556
28th Jan	JKCEMENT	JKCEMENT	5670.5	49.66	46.44	58.41	building materials	5673.07	5743.7	3.5	2.42	2.52
28th Jan	JSWHL	JSWHL	17055	37	43.28	56.42	financials	18051.53	18648.75	1.43	2.56	-15.9
28th Jan	IIFL	IIFL	544.6	36.54	51.84	56.89	financials	594.11	582.17	4.36	4.5	-10.79
28th Jan	JPPOWER	JPPOWER	15.83	41.24	41.3	49.83	power & utilities	16.25	17.17	6.67	7.32	-7.86
28th Jan	JBMA	JBMA	561.85	42.77	41.99	43.58	auto	583.05	601.49	4.53	6.21	-10.44
28th Jan	NTPC	NTPC	348.05	60.01	56.32	57.26	power & utilities	339.88	335.36	0.972	3.37	5.61
28th Jan	CENTURYPLY	CENTURYPLY	766.7	46.95	48.37	52.78	building materials	768.2	783.15	4.32	3.69	-7.49
28th Jan	COFORGE	COFORGE	1694.2	47.55	47.96	55.39	i.t	1698.75	1738.34	1.8	3.53	1.88
28th Jan	TCS	TCS	3200.1	50.54	49.96	43.69	i.t	3192.96	3184.76	1.33	1.19	-0.19
28th Jan	UNOMINDA	UNOMINDA	1148.6	37.07	44.31	57.71	auto	1199.06	1233.43	0.314	1.28	-10.67
28th Jan	ULTRACEMCO	ULTRACEMCO	12767	70.9	65.09	64.24	building materials	12198.18	12013.81	1.41	3.22	8.34
28th Jan	RKFORGE	RKFORGE	512.6	51.59	42.25	42.6	industrials	506.71	517.5	2.96	0.411	-2.02
28th Jan	MAHABANK	MAHABANK	65.58	61.62	66.58	65.26	bank	63.77	61.33	0.861	-0.076	5.69
28th Jan	BIOCON	BIOCON	370.5	42.65	48.36	54.84	healthcare	376.74	381.35	1.44	1.17	-5.94
28th Jan	PETRONET	PETRONET	290.65	60.26	54.95	51.2	energy	281.62	279.99	4.66	4.51	2.31
28th Jan	IGL	IGL	174.96	32.1	32.5	40.32	energy	182.2	189.85	0.471	0.057	-10.08
28th Jan	JSL	JSL	809	53.86	55.38	65.85	metals & mining	792.53	788.37	-0.13	8.45	-3.6
28th Jan	UCOBANK	UCOBANK	29.12	48.67	44.83	40.77	bank	29.13	29.56	2.14	1.29	-1.12
28th Jan	NAVINFLUOR	NAVINFLUOR	5970	52.64	60.53	68.13	chemicals	5917.8	5815.86	1.69	0.862	0.845
28th Jan	MARUTI	MARUTI	14877	25.71	44.82	60.57	auto	16004.63	16107.72	-2.41	-3.83	-10.9
28th Jan	RADICO	RADICO	2746.8	36.3	40.35	59.51	fmcg	2972.61	3066.05	-6.06	-7.27	-16.72
28th Jan	DIVISLAB	DIVISLAB	6188	44.19	46.64	57.73	healthcare	6256.2	6343.98	2.18	2.94	-3.2
28th Jan	CANBK	CANBK	157.74	60.56	70.11	74.81	bank	153.14	148.61	1.95	3.91	1.83
28th Jan	GRANULES	GRANULES	564.9	44.38	52.73	56.85	healthcare	580	576.42	-2.45	-0.018	-5.61
28th Jan	UBL	UBL	1427.5	16.55	19.65	34.37	fmcg	1512.35	1598.64	0.274	-0.971	-11.98
28th Jan	UNIONBANK	UNIONBANK	181.93	70.84	73.6	70.96	bank	168.97	160.38	3.84	5.3	18.32
28th Jan	OFSS	OFSS	8012.5	56.17	45.07	50.17	i.t	7833.48	7951.38	0.081	0.71	4.23
28th Jan	PNB	PNB	124.5	51.5	56.51	63.47	bank	124.15	122.3	1.26	3.62	0.745
28th Jan	BHARTIARTL	BHARTIARTL	1957.7	26.18	45.81	66.39	telecom-service	2027.3	2049.97	-0.796	-1.36	-7.02
28th Jan	CERA	CERA	4994	40.01	31.34	38.6	building materials	5094	5311.54	2.48	1.11	-4.61
28th Jan	OLECTRA	OLECTRA	1088.4	43.8	37.99	42.15	auto	1105.59	1198.3	10.21	10.01	-9.22
28th Jan	UNITDSPR	UNITDSPR	1326.7	40.11	41.04	50.57	fmcg	1350.64	1377.05	1.16	-0.473	-8.1
28th Jan	GODREJCP	GODREJCP	1171.8	37.72	47.19	50.37	fmcg	1215.97	1197.58	-0.179	-5.53	-4.12
28th Jan	BSOFT	BSOFT	402.55	42.71	48.63	44.41	i.t	417.39	414.06	0.966	-0.801	-7.1
28th Jan	IOB	IOB	35.25	47.39	43.1	40.43	bank	35.32	36.3	1.79	3.4	-2.44
28th Jan	TTML	TTML	43.77	36.04	28.93	36.28	telecom-service	45.79	48.71	3.21	3.23	-11.7
28th Jan	TRIVENI	TRIVENI	358.55	52.49	48.89	49.5	fmcg	351.32	357.96	3.06	8.36	-8.13
28th Jan	TVSMOTOR	TVSMOTOR	3728.4	55.38	61.54	79.91	auto	3670.43	3636.25	4.5	5.03	0.231
28th Jan	AJANTPHARM	AJANTPHARM	2718.3	50.37	54.57	58.08	healthcare	2723.38	2679.11	0.741	0.693	-1.83
28th Jan	ZYDUSLIFE	ZYDUSLIFE	896.9	47.83	41.15	50.67	healthcare	896.21	916.19	0.397	1.69	-1.91
28th Jan	WOCKPHARMA	WOCKPHARMA	1356.7	44.28	46.86	56.87	healthcare	1388.06	1391	0.601	0.377	-6.19
28th Jan	GLENMARK	GLENMARK	1993.5	49.7	55.13	65.33	healthcare	1997.52	1980.73	-0.31	1.31	-2.05
28th Jan	JINDALSTEL	JINDALSTEL	1119.4	66.73	60.68	68.19	metals & mining	1052.97	1040.81	3.58	5.25	6.23
28th Jan	HCLTECH	HCLTECH	1729.6	66	64.79	58.6	i.t	1681.15	1645.88	0.546	1.32	6.55
28th Jan	APARINDS	APARINDS	7411.5	38.03	39.45	50.65	industrials	7672.22	8155.77	2.82	5.38	-11.43
28th Jan	NATIONALUM	NATIONALUM	406.15	78.71	89.25	83.83	metals & mining	352.6	313.93	5.6	9.58	29.22
28th Jan	SONATSOFTW	SONATSOFTW	312	32.92	35.28	36.77	i.t	333.37	347.35	0.016	1.23	-13.3
28th Jan	AXISBANK	AXISBANK	1319.8	60.3	65.41	63.99	bank	1284.41	1263.62	0.304	4.91	3.97
28th Jan	CUB	CUB	293.3	59.06	72.43	75.26	bank	280.73	273.1	3.18	6.48	0.86
28th Jan	J&KBANK	J&KBANK	105.2	56.28	52.96	54.06	bank	102.74	102.85	1.46	1.06	4.89
28th Jan	INDUSINDBK	INDUSINDBK	901.7	53.75	58.07	44.33	bank	897.83	869.72	0.777	1.04	4.34
28th Jan	GMDCLTD	GMDCLTD	558.6	51.52	54.63	64.71	metals & mining	552.88	551.55	5.57	7.67	-6.71
28th Jan	ENGINERSIN	ENGINERSIN	173.28	34.01	37.86	46.97	realty	185.8	192.81	5.3	3.67	-13.89
28th Jan	CYIENT	CYIENT	1118.2	44.93	43.8	38.51	i.t	1141.61	1148.18	0.739	2.98	0.036
28th Jan	ICICIBANK	ICICIBANK	1367.7	47.41	48.21	61.02	bank	1375.79	1376.73	0.463	1.81	1.85
28th Jan	SAREGAMA	SAREGAMA	333.3	41.46	27.87	37.9	media	344.86	367	3.3	-0.135	-5.04
28th Jan	GAIL	GAIL	168.14	52.21	44.17	47.58	energy	165.82	169.91	5.1	4.56	-2.33
28th Jan	BANKINDIA	BANKINDIA	167.34	67.36	74.59	69.05	bank	155.07	147.8	2.56	4.82	16.33
28th Jan	WELCORP	WELCORP	748.1	43.7	39.85	51.94	industrials	763.43	797.34	3.64	2.4	-8.14
28th Jan	BANKBARODA	BANKBARODA	306.2	56.92	65.14	69.29	bank	300.99	293.49	1.39	3.39	3.48
28th Jan	POLYMED	POLYMED	1513.8	26.24	26.19	41.01	healthcare	1666.03	1766.1	-0.086	-4.79	-14.65
28th Jan	MARICO	MARICO	736.65	42.98	52.57	62.36	fmcg	749.53	743.12	-1.23	-0.58	-1.86
28th Jan	CGCL	CGCL	175.7	45.31	44.43	43.6	financials	177.12	182.02	3.52	5.23	-3.91
28th Jan	CONCOR	CONCOR	496.35	41.98	41.11	40.29	transportation	505.84	513.47	2.27	3.46	-5.45
28th Jan	MANAPPURAM	MANAPPURAM	291.7	44.04	53.73	65.03	financials	300.65	295.36	-1.15	-1.03	-5.46
28th Jan	EMAMILTD	EMAMILTD	488.1	36.45	35.1	41.76	fmcg	506.94	518.86	-1.58	-3.24	-7.66
28th Jan	IOC	IOC	162.85	53.98	56.06	60.23	energy	160.46	161.07	2.49	4.37	-2.17
28th Jan	JUBLPHARMA	JUBLPHARMA	962.2	36.77	37.56	52.15	healthcare	1010.85	1048.59	2.48	0.638	-10.35
28th Jan	JKTYRE	JKTYRE	507.2	55.37	73.18	66.87	auto	503.79	481.74	-0.646	-0.167	0.895
28th Jan	INDIACEM	INDIACEM	445.1	48.69	60.77	70.59	building materials	452.05	435.53	-1.95	3.15	2.26
28th Jan	BLUEDART	BLUEDART	5504.5	54.1	44.32	41.03	transportation	5417.68	5527.81	2.71	3.89	-0.299
28th Jan	NMDC	NMDC	81.52	53.61	57.17	61.6	metals & mining	80.37	79.14	3.4	6.76	-1.98
28th Jan	MPHASIS	MPHASIS	2833.7	50.43	51.94	55.71	i.t	2827.07	2828.52	0.984	2.94	1.52
28th Jan	NATCOPHARM	NATCOPHARM	818.5	37.45	40.74	43.74	healthcare	861.1	872.84	0.522	-1.62	-9.36
28th Jan	AUROPHARMA	AUROPHARMA	1139.9	40.32	47.08	51.4	healthcare	1166.58	1174.61	0.903	0.653	-3.64
28th Jan	CAPLIPOINT	CAPLIPOINT	1760.4	39.79	36.98	50.34	healthcare	1803.64	1870.23	1.72	2.17	-4.23
28th Jan	SUNPHARMA	SUNPHARMA	1610.6	30.41	38.49	51.13	healthcare	1682.1	1711.79	-1.73	-1.31	-6.34
28th Jan	NEULANDLAB	NEULANDLAB	12851	28.13	38.16	54.5	healthcare	14108.45	14974.85	0.43	-3.02	-15.31
28th Jan	IPCALAB	IPCALAB	1447.1	45.95	51.79	55.72	healthcare	1471.79	1444.57	-0.536	-1.07	1.99
28th Jan	RCF	RCF	135.18	46.51	43.18	46.78	chemicals	136.09	140.06	3.75	5.42	-7.56
28th Jan	AARTIIND	AARTIIND	355.6	45.35	38.14	37.12	chemicals	358.66	367.35	1.56	0.794	-4.89
28th Jan	POONAWALLA	POONAWALLA	406.3	31.01	38.72	50.48	financials	447.9	459.6	0.47	-1.95	-15.87
28th Jan	MASTEK	MASTEK	2011.4	41.04	35.93	42.11	i.t	2090.16	2134.97	1.83	0.194	-1.93
28th Jan	PIIND	PIIND	3220.8	47.78	37.67	43.54	chemicals	3220.93	3310.36	2.01	1.43	-0.537
28th Jan	ITI	ITI	292.9	44.99	45.64	52.44	aerospace & defence	296.64	303.87	4.96	4.74	-5.47
28th Jan	SCI	SCI	220.26	52.54	49	53.88	transportation	214.98	222.23	4.39	9.18	-4.96
28th Jan	LINDEINDIA	LINDEINDIA	5929.5	48.31	44.16	47.79	chemicals	5956.5	5976.39	1.47	1.13	-0.437
28th Jan	JMFINANCIL	JMFINANCIL	129.5	37.31	38.05	51.48	financials	135.88	143.13	1.58	0.967	-13.72
28th Jan	3MINDIA	3MINDIA	33780	44.33	53.55	56.15	miscellaneous	34360.33	34269.88	2.13	1.4	-3.8
28th Jan	DCMSHRIRAM	DCMSHRIRAM	1156.7	44.62	44.94	51.91	miscellaneous	1165.68	1198.29	2.35	5.02	-7.62
28th Jan	KPIL	KPIL	1117	44.15	42.13	52.73	realty	1132.09	1165.66	2.09	0.831	-7.1
28th Jan	GVT&D	GVT&D	2905	53.03	53.7	70.62	industrials	2817.56	2892.44	6.38	7.09	-7.26
28th Jan	PRAJIND	PRAJIND	287.25	37.24	28.85	35.87	industrials	303.02	318.46	4.02	1.3	-10.96
28th Jan	TIMKEN	TIMKEN	2984.9	45.29	47.43	48.34	industrials	3016.33	3032.62	0.225	-1.5	-0.606
28th Jan	ELGIEQUIP	ELGIEQUIP	431.3	40.6	38.82	41.66	industrials	443.62	462.61	1.95	1.48	-8.96
28th Jan	ALOKINDS	ALOKINDS	14.97	42.47	34.54	39.53	textiles	15.34	15.99	1.42	3.74	-6.61
28th Jan	TRIDENT	TRIDENT	26.27	50.74	40.13	40.64	textiles	25.98	26.76	1.62	3.59	-1.72
28th Jan	CCL	CCL	932.85	45.71	52.33	63.4	fmcg	948.3	950.21	-2.7	0.778	-1.2
28th Jan	KEI	KEI	3879.1	32.48	45.27	54.55	industrials	4143.93	4186.29	1.94	1.89	-13.03
28th Jan	HAVELLS	HAVELLS	1286.8	26.45	28.2	39.56	consumer discretionary	1379.39	1416.65	-0.163	-0.015	-9.69
28th Jan	MOTHERSON	MOTHERSON	111.43	42.78	52.48	56.96	auto	113.78	114.04	1.6	2.8	-7.1
28th Jan	HBLENGINE	HBLENGINE	734.55	36.86	43.79	57.07	auto	799.8	842.49	4.21	4.03	-20.73
28th Jan	HONAUT	HONAUT	31580	34.84	34.14	37.06	consumer discretionary	32943.23	33861.64	2.57	0.653	-3.73
28th Jan	USHAMART	USHAMART	415.2	38.88	48.63	56.84	metals & mining	429.31	436.12	1.38	1.55	-8.55
28th Jan	ANANTRAJ	ANANTRAJ	489.65	33.54	38.15	49.69	realty	536.07	557.06	-0.102	-2.34	-10.53
28th Jan	ASAHIINDIA	ASAHIINDIA	970.3	50.37	59.07	67.76	building materials	964.04	969.13	-2.18	2.91	-4.4
28th Jan	WELSPUNLIV	WELSPUNLIV	126.48	50.04	47.73	48.62	textiles	125.21	128.39	0.405	4.72	-3.13
28th Jan	NLCINDIA	NLCINDIA	251.1	48.71	50.53	55.83	power & utilities	252.49	252.39	4.08	1.62	0.352
28th Jan	HINDCOPPER	HINDCOPPER	633.4	72.68	82.24	79.01	metals & mining	533.25	464.92	12.67	18.19	22.21
28th Jan	MMTC	MMTC	67.71	56.62	53.71	51.24	services	65.19	63.95	4.99	6.08	0.714
28th Jan	CARBORUNIV	CARBORUNIV	834.4	52.2	41.1	37.88	industrials	823.15	845.45	1.62	1.98	-2.51
28th Jan	NAVA	NAVA	558.3	49.89	47.5	57.99	miscellaneous	556.7	565.13	4.44	5.19	-1.6
28th Jan	ADANIENT	ADANIENT	1994.7	37.31	36.26	40.32	services	2111.83	2215.64	1.8	7	-10.94
28th Jan	LLOYDSME	LLOYDSME	1142	34.83	38	52.34	metals & mining	1214.59	1257.58	3.75	2.38	-13.57
28th Jan	UPL	UPL	715.1	36.94	48.72	55.31	chemicals	748.27	750.7	-0.202	1.79	-10.07
28th Jan	CHOLAFIN	CHOLAFIN	1636.8	39.83	49.64	60.83	financials	1683.54	1689.18	-0.177	-0.39	-3.84
28th Jan	SHRIRAMFIN	SHRIRAMFIN	1018.8	67.57	79.04	75.9	financials	983.07	919.79	1.77	1.52	2.27
28th Jan	CANFINHOME	CANFINHOME	905.7	48.46	59.44	60.44	financials	910.88	900.56	1.59	0.846	-2.62
28th Jan	SUPREMEIND	SUPREMEIND	3512.9	54.34	41.29	44.42	plastic products	3459.66	3523.8	1.99	0.699	4.74
28th Jan	HEG	HEG	569.3	51.44	55.37	56.98	industrials	565.15	556.86	4.43	7.64	-8.74
28th Jan	GRAPHITE	GRAPHITE	661.75	61.4	63.32	59.37	industrials	623.85	600.48	5.38	8.5	3.12
28th Jan	BERGEPAINT	BERGEPAINT	478.85	24.12	33.29	43.55	building materials	515.78	530.32	-3.32	-5.08	-10.75
28th Jan	APOLLOHOSP	APOLLOHOSP	6877.5	38.44	39.85	53.31	healthcare	7039.17	7178.33	1.24	1.1	-2.34
28th Jan	GILLETTE	GILLETTE	7868	41.56	37	46.74	fmcg	8037.9	8278.78	-0.254	-1.48	-5.91
28th Jan	WIPRO	WIPRO	237.35	33.79	41.04	46.44	i.t	251.23	254	1.09	-0.44	-9.85
28th Jan	JBCHEPHARM	JBCHEPHARM	1856.3	49.74	58.71	61.95	healthcare	1867.18	1828.68	-1.13	0.558	2.01
28th Jan	ASTRAZEN	ASTRAZEN	8454.5	45.18	44.07	57.42	healthcare	8464.21	8716.47	1.26	1.63	-6.36
28th Jan	ALKYLAMINE	ALKYLAMINE	1581.7	47.79	36.37	39.61	chemicals	1587.25	1643.69	1.36	1.24	-0.902
28th Jan	PCBL	PCBL	269.95	38.91	27.07	43.61	chemicals	280.37	302.48	4.01	2	-10.46
28th Jan	DEEPAKNTR	DEEPAKNTR	1570.4	43.13	38.36	39.1	chemicals	1598.4	1632.99	0.964	0.435	-9.31
28th Jan	COROMANDEL	COROMANDEL	2256.7	44.83	49.49	60.91	chemicals	2286.5	2288.87	-0.044	0.392	-0.428
28th Jan	BAYERCROP	BAYERCROP	4374.7	39.91	36.36	41.28	chemicals	4424.12	4522.7	0.445	-0.239	-4.02
28th Jan	SCHAEFFLER	SCHAEFFLER	3640.4	38.53	41.71	50.62	industrials	3725.38	3818.53	0.091	0.664	-6.15
28th Jan	ELECON	ELECON	389.5	35.75	30.71	41.81	industrials	417.15	460.63	5.71	3.87	-19.1
28th Jan	ZEEL	ZEEL	84.07	40.53	30.65	34.22	media	87.14	92.38	6.03	3.29	-6.55
28th Jan	WESTLIFE	WESTLIFE	494.3	40.26	29.71	32.55	consumer discretionary	508.51	537.35	-0.813	0.631	-11.82
28th Jan	EICHERMOT	EICHERMOT	7071	41.09	57.09	73.62	auto	7234.59	7176.55	-1.3	1.41	-3.3
28th Jan	CHOLAHLDNG	CHOLAHLDNG	1636.3	29.25	38.52	51.92	financials	1748.36	1815.77	1.52	0.851	-9.74
28th Jan	SARDAEN	SARDAEN	482.3	46.3	45.35	58.67	metals & mining	486.61	500.17	1.11	3.89	-7.35
28th Jan	ZENSARTECH	ZENSARTECH	688.2	41.77	39.99	50.15	i.t	707.49	722.46	1.96	-2.35	-2.2
28th Jan	SRF	SRF	2817	41.53	44.17	53.03	chemicals	2903.5	2946.68	5.03	3.81	-8.39
28th Jan	SWANCORP	SWANCORP	425.1	45.58	43.44	47.01	textiles	429.21	443.41	5.44	3.68	-9.33
28th Jan	PHOENIXLTD	PHOENIXLTD	1726.2	32.41	51.23	60.87	realty	1809.05	1790.59	-0.121	-0.017	-6.87
28th Jan	VTL	VTL	412.95	43.87	43.79	47.27	textiles	418.44	427.15	0.683	2.35	-5.62
28th Jan	BALKRISIND	BALKRISIND	2410.3	54.72	50.99	47.7	auto	2396.63	2373.47	-0.327	0.079	3.91
28th Jan	BBTC	BBTC	1724.2	39	39.89	47.7	auto	1793.69	1838.18	1.26	-0.519	-8.73
28th Jan	TATAINVEST	TATAINVEST	623.95	30.63	37.26	49.98	financials	655.26	697.04	3.21	3.34	-10.55
28th Jan	FINPIPE	FINPIPE	172.93	46.93	39.26	40.68	plastic products	174.17	176.71	1.68	-0.483	-0.621
28th Jan	CEATLTD	CEATLTD	3696.9	45.64	50.35	59.75	auto	3760.91	3789.21	-0.073	-0.573	-3.03
28th Jan	APOLLOTYRE	APOLLOTYRE	501	45.77	54.03	56.17	auto	507.37	507.58	-1.17	0.361	0.2
28th Jan	ITC	ITC	321.15	18.49	19.05	32.49	fmcg	342.14	367.95	0.785	-0.696	-20.31
28th Jan	CASTROLIND	CASTROLIND	185.3	45.23	40.62	47.53	chemicals	186.42	188.95	1.05	0.882	-3.77
28th Jan	INDHOTEL	INDHOTEL	656.2	34.3	36.36	49.81	services	683.09	706.84	0.745	1.61	-11.19
28th Jan	EIHOTEL	EIHOTEL	315.35	22.73	28.01	45.29	services	339.91	356.66	2.09	-2.19	-14.37
28th Jan	COLPAL	COLPAL	2154.4	55.6	43.73	43.86	fmcg	2124.97	2138.76	0.023	-0.549	3.79
28th Jan	BRITANNIA	BRITANNIA	5748.5	38.51	46.66	55.91	fmcg	5920.03	5938.36	-2.34	-1.48	-4.68
28th Jan	ASIANPAINT	ASIANPAINT	2511.8	27.76	43.58	46.76	building materials	2729.48	2740.61	-4.23	-7.1	-9.3
28th Jan	TATACONSUM	TATACONSUM	1131.8	40.5	47.83	56.06	fmcg	1174.48	1170.32	-4.68	-1.88	-5.05
28th Jan	NESTLEIND	NESTLEIND	1292.4	50.75	59.39	58.8	fmcg	1294.98	1276.42	-0.836	-0.108	0.342
28th Jan	TATACHEM	TATACHEM	727.3	44.01	28.41	36.18	chemicals	741.61	774.18	2.34	1.93	-5
28th Jan	HINDUNILVR	HINDUNILVR	2378.4	51.14	47.09	47.74	fmcg	2374.72	2383.16	-0.937	-1.29	2.7
28th Jan	PFIZER	PFIZER	4698.7	41.57	39.98	48.09	healthcare	4778.41	4908.09	1.97	2.35	-5.79
28th Jan	GNFC	GNFC	471.05	47.28	39.35	39.67	chemicals	472.31	483.67	3.41	1.48	-4.6
28th Jan	GLAXO	GLAXO	2434.2	52.06	41.14	49	healthcare	2392.09	2471.53	3.99	5.22	-1.59
28th Jan	DEEPAKFERT	DEEPAKFERT	1171.4	40.27	35.13	51.02	chemicals	1202.18	1262.42	1.29	-0.695	-8.99
28th Jan	GESHIP	GESHIP	1173.6	65.58	63.94	61.34	transportation	1112.95	1100.15	5.01	5.84	3.95
28th Jan	VOLTAS	VOLTAS	1372.9	48.25	49.5	52.72	consumer discretionary	1379.09	1384.4	3.18	4.37	0.86
28th Jan	TMPV	TMPV	340.45	37.29	34.94	39.78	auto	349.9	360.56	-0.029	-1.16	-7.32
28th Jan	SIEMENS	SIEMENS	2980.8	47.21	43.17	48.26	industrials	2984.98	3063.26	3	2.77	-2.69
28th Jan	BPCL	BPCL	362.35	51.17	56.16	61.97	energy	360.22	360.01	1.39	3.78	-5.64
28th Jan	BOSCHLTD	BOSCHLTD	36185	46.4	48.08	60.36	auto	36518.9	36860.21	2.48	2.61	0.402
28th Jan	M&M	M&M	3449.2	32.77	47.21	66.1	auto	3601.61	3624.52	1.64	-2.66	-7.01
28th Jan	LT	LT	3794	33.85	47.2	58.16	realty	3903.8	3946.45	0.164	1.34	-7.09
28th Jan	ESCORTS	ESCORTS	3482.6	34.46	45	53.04	auto	3638.09	3673.61	0.398	-0.508	-6.38
28th Jan	BHARATFORG	BHARATFORG	1459.1	55.5	62.46	59.51	industrials	1434.6	1413.32	2.86	3.57	-0.768
28th Jan	BAJAJHLDNG	BAJAJHLDNG	10704	40.92	35.43	50.04	financials	10849.97	11222.57	0.895	0.338	-5.51
28th Jan	ABBOTINDIA	ABBOTINDIA	27610	40.89	36.01	48.37	healthcare	27963.14	28500.84	-0.271	-0.612	-4.88
28th Jan	TATACOMM	TATACOMM	1529.4	20.03	35.36	45.57	telecom-service	1688.95	1750.86	-1.72	-1.97	-16.21
28th Jan	CUMMINSIND	CUMMINSIND	4024	40.72	49.08	63.05	industrials	4111.13	4208.61	2.44	2.38	-9.25
28th Jan	ASHOKLEY	ASHOKLEY	195.33	69.64	81.79	82.15	auto	185.11	173.19	1.21	1.22	9.01
28th Jan	SKFINDIA	SKFINDIA	1687.6	27.45	30.03	38.09	industrials	1793.71	1875.08	0.291	-3.25	-8.83
28th Jan	TATASTEEL	TATASTEEL	193.85	67.61	67.64	65.11	metals & mining	184.46	178.68	0.817	3.33	7.65
28th Jan	FEDERALBNK	FEDERALBNK	284.45	65.79	75.67	78.17	bank	269.78	258.95	-0.175	2.12	6.5
28th Jan	HINDALCO	HINDALCO	998.2	74.38	77.04	73.91	metals & mining	929.13	882.22	3.78	5.04	12.57
28th Jan	AMBUJACEM	AMBUJACEM	533.95	44.68	45.1	48.94	building materials	542.67	548.08	0.319	2.96	-4.03
28th Jan	TORNTPHARM	TORNTPHARM	3958.7	52.83	65.87	71.46	healthcare	3949.62	3859.23	-0.968	0.674	2.82
28th Jan	THERMAX	THERMAX	2870.4	39.4	37.18	42.84	industrials	2942.18	2981.45	1.39	-1.72	-5.04
28th Jan	ACC	ACC	1684.3	39.61	37.38	36.77	building materials	1722.03	1760.41	-0.213	0.911	-3.07
28th Jan	TATAELXSI	TATAELXSI	5391	48.54	47.06	42.15	i.t	5444.47	5390.45	-0.443	-0.342	2.87
28th Jan	SUNDRMFAST	SUNDRMFAST	910.1	39.93	37.27	39.12	auto	927.31	940.04	0.303	-0.044	-2.63
28th Jan	TATAPOWER	TATAPOWER	355.05	39.2	38.89	47.84	power & utilities	363.98	374.46	2.1	2.84	-6.47
28th Jan	SHREECEM	SHREECEM	27480	56.6	47.53	50.31	building materials	27142.42	27133.46	0.955	1.78	3.41
28th Jan	JINDALSAW	JINDALSAW	180.91	57.7	47.82	44.28	industrials	173.58	172.43	1.53	1.79	7.72
28th Jan	PATANJALI	PATANJALI	505.75	32.72	33.76	46.1	fmcg	529.31	546.91	0.527	-1.12	-7.29
28th Jan	PIDILITIND	PIDILITIND	1460.7	47.66	45.86	51.51	chemicals	1466.13	1472.95	0.933	0.884	-1.46
28th Jan	RAYMOND	RAYMOND	387.2	35	27.28	41.5	transportation	402.84	441.99	-0.129	4.73	-9.37
28th Jan	RELIANCE	RELIANCE	1396.7	30.94	42.25	50.77	energy	1452.9	1484.3	1.17	0.765	-11.06
28th Jan	ONGC	ONGC	268.58	74.8	65.88	58.12	energy	244.24	242.34	8.32	9.41	11.73
28th Jan	GRASIM	GRASIM	2839.1	55.23	54.54	60.57	textiles	2799.31	2798.04	-0.599	2.9	0.357
28th Jan	VEDL	VEDL	737.1	85.57	84.21	78.44	metals & mining	653.91	599.66	4.49	7.74	21.96
28th Jan	NCC	NCC	148.16	43.05	30.35	38.21	realty	150.14	162	4.98	4.47	-7.65
28th Jan	MRF	MRF	134935	23.35	34.21	51.93	auto	144104.61	148442.72	-0.644	-1.85	-11.72
28th Jan	MFSL	MFSL	1623.9	44.01	53.28	64.58	miscellaneous	1645.09	1653.04	3	1.56	-2.87
28th Jan	MAHSEAMLES	MAHSEAMLES	514.6	36.33	32.55	41.61	industrials	528.11	548.12	1.61	1.19	-8.33
28th Jan	RAMCOCEM	RAMCOCEM	1066.8	51.05	54.13	57.7	building materials	1067.63	1054.92	-0.42	1.12	0.965
28th Jan	LUPIN	LUPIN	2129.5	48.14	57.84	63.9	healthcare	2146.75	2107.78	-0.977	-0.36	0.948
28th Jan	LICHSGFIN	LICHSGFIN	519	44.58	38.95	44.64	financials	524.72	536.55	1.75	2.48	-3.81
28th Jan	TRENT	TRENT	3864	41.09	33.74	43.36	consumer discretionary	3957.75	4151.81	1.82	2.88	-9.7
28th Jan	KOTAKBANK	KOTAKBANK	412.4	37.44	45.86	54.56	bank	423.92	425.57	0.905	-2.46	-6.32
28th Jan	KIRLOSBROS	KIRLOSBROS	1519.4	40.02	34.73	47.92	industrials	1561.07	1635.06	2	1.93	-5.64
28th Jan	WHIRLPOOL	WHIRLPOOL	784.85	23.53	24.75	35.61	consumer discretionary	834.73	940.73	-0.343	-1.49	-12.71
28th Jan	KAJARIACER	KAJARIACER	883.65	24.1	26.46	40.13	building materials	973.87	1025.51	-1.96	-5.41	-8.76
28th Jan	JSWSTEEL	JSWSTEEL	1218.7	63.71	62.5	69.6	metals & mining	1173.96	1155.28	-0.27	4.16	4.63
28th Jan	INFY	INFY	1666.5	57.16	58.9	54.25	i.t	1645.03	1610.89	-0.963	-0.257	3.16
28th Jan	HINDZINC	HINDZINC	708.2	65.51	77.04	71.01	metals & mining	653.11	596.29	-2.61	1.36	15.63
28th Jan	HSCL	HSCL	448.65	38.09	45.31	53.14	chemicals	463.43	465.7	0.089	0.414	-8.04
28th Jan	HFCL	HFCL	64.51	48.52	41.77	38.83	telecom	64.51	67.06	5.84	5.58	-4.84
28th Jan	HEROMOTOCO	HEROMOTOCO	5512.5	40.21	51.82	60.42	auto	5653.07	5714.14	2.46	2.39	-4.48
28th Jan	HDFCBANK	HDFCBANK	932.7	38.48	40.9	54.23	bank	943.65	964.58	0.68	1.81	-5.9
28th Jan	KANSAINER	KANSAINER	226.19	42.09	40.99	37.76	building materials	230.57	233.44	0.395	-0.392	-3.93
28th Jan	GODREJIND	GODREJIND	993.8	45.89	39.85	50.4	chemicals	1003.41	1025.24	2.31	1.96	-0.858
28th Jan	GODFRYPHLP	GODFRYPHLP	2021.6	27.72	31.82	47.99	fmcg	2228.17	2519.61	0.213	1.22	-26.81
28th Jan	FINCABLES	FINCABLES	725.9	41.61	36.22	39.39	industrials	746.8	761.33	2.05	0.575	-3.17
28th Jan	EIDPARRY	EIDPARRY	900.5	31.07	37.9	52.17	fmcg	944.1	987.58	1.81	2.38	-12.97
28th Jan	DRREDDY	DRREDDY	1222.5	49.33	46.53	51.4	healthcare	1219.04	1235.8	-1.4	-1.06	-3.85
28th Jan	IDBI	IDBI	99.67	47.21	51.81	58.43	bank	100.98	100.47	2.52	2.31	-3.22
28th Jan	TITAN	TITAN	3975.2	40.81	58.25	60.55	consumer discretionary	4067.39	3978.67	-0.545	-1.16	-1.88
28th Jan	SAIL	SAIL	155.74	63.93	67.08	64.68	metals & mining	147.51	141.86	0.116	4.5	5.95
28th Jan	SBIN	SBIN	1063.5	69.35	78.66	75.87	bank	1022.44	989.56	0.983	3.3	8.28
28th Jan	CHENNPETRO	CHENNPETRO	849.85	50.76	52.81	58.43	energy	839.87	857.52	1.28	0.908	1.63
28th Jan	MRPL	MRPL	163.97	61.84	59.4	55.79	energy	151.08	151.2	4.87	5.51	7.85
28th Jan	IFCI	IFCI	57.86	56.92	54.38	54.81	financials	55.68	54.04	2.92	2.68	9.38
28th Jan	HINDPETRO	HINDPETRO	433.25	41.39	48.17	56.51	energy	446.78	454.69	3.31	4.44	-13.19
28th Jan	BHEL	BHEL	259.65	44.15	50.23	55.9	industrials	265.38	269.51	4.82	7.07	-9.67
28th Jan	DABUR	DABUR	515.75	52.65	51.96	48.41	fmcg	513.81	510.86	0.458	-0.626	2.41
28th Jan	CGPOWER	CGPOWER	581.95	43	35.02	47.6	industrials	594.32	636.58	9.67	5.98	-10.18
28th Jan	CRISIL	CRISIL	4620.7	52.81	46.94	50.07	financials	4584.25	4580.02	3.84	2.88	6.92
28th Jan	CIPLA	CIPLA	1328.4	22.89	29.28	43.64	healthcare	1411.52	1463.4	1.17	1.02	-12.1
28th Jan	EXIDEIND	EXIDEIND	321.15	25.95	26.05	42.02	auto	342.56	358.04	-0.65	-1.25	-11.33
28th Jan	CHAMBLFERT	CHAMBLFERT	441.35	45.94	37.68	47	chemicals	444.91	455.56	0.398	1.33	-8.45
28th Jan	CESC	CESC	142.95	25.44	35.81	47.79	power & utilities	154.7	162.41	1.79	1.79	-14.69
28th Jan	BLUESTARCO	BLUESTARCO	1701.5	39.4	41.68	53.33	consumer discretionary	1752.6	1780.8	2.04	0.2	-1.69
28th Jan	BEL	BEL	453	72.22	67.99	71.74	aerospace & defence	413.87	408.77	8.91	10.3	13.36
28th Jan	BEML	BEML	1819.1	54.63	46.21	51.42	aerospace & defence	1761.22	1823.08	10.07	10.56	-2.19
28th Jan	BATAINDIA	BATAINDIA	854.25	19.42	22.93	26.57	consumer discretionary	901.01	953.28	0.761	0.299	-9.41
28th Jan	BASF	BASF	3622	37.73	23.9	41.47	chemicals	3709.89	3915.68	2.03	-0.423	-8.49
28th Jan	ABREL	ABREL	1305.8	22.34	28.57	39.69	realty	1483.13	1602.8	2.91	1.33	-22.03
28th Jan	BALRAMCHIN	BALRAMCHIN	409.4	40.81	31.51	42.11	fmcg	420.31	436.48	1.1	-0.872	-7.88
28th Jan	BAJFINANCE	BAJFINANCE	935.15	39.84	43.33	58.01	financials	955.58	980.17	2.24	0.787	-5.23
28th Jan	ATUL	ATUL	6149	57.16	50.48	45.69	chemicals	5967.89	5987.72	5.3	5.54	0.13
28th Jan	ARE&M	ARE&M	841.65	29.3	27.92	41.28	auto	876.27	911.22	1.64	1.26	-7.47
28th Jan	AEGISLOG	AEGISLOG	705.45	48.43	45.3	52.58	services	702.31	726.97	5.61	8.31	-1.69
28th Jan	ABB	ABB	5043.5	53.22	45.21	44.85	industrials	4941.49	5052.65	7.14	7.43	-2.45
